1,SM,1,115
1,SM,2,154
1,SM,3,160
1,SM,4,197
1,SM,5,211
1,SM,6,276
1,SM,7,302
1,SM,8,356
1,SM,9,385
1,SM,10,458
1,SM,11,480
1,SM,12,498
1,SM,13,508
1,SM,14,540
1,SM,15,582
1,SM,16,599
1,SM,17,638
1,SM,18,665
1,SM,19,693
1,SM,20,714
1,SM,21,743
1,SM,22,778
1,SM,23,795
1,SM,24,827
1,SM,25,882
1,SM,26,924
1,SM,27,962
1,SM,28,1005
1,SM,29,1048
1,SM,30,1067
1,SM,31,1087
1,SM,32,1132
1,SM,33,1172
1,SM,34,1179
1,SM,35,1223
1,SM,36,1245
1,SM,37,1277
1,SM,38,1312
1,SM,39,1351
1,SM,40,1339
1,SM,41,1328
1,SM,42,1345
1,SM,44,1340
1,SM,46,1353
1,SM,47,1327
1,SM,48,1323
1,SM,49,1330
1,SM,51,1346
1,SM,52,1348
1,SM,53,1350
1,SM,54,1351
1,SM,55,1338
1,SM,56,1343
1,SM,57,1345
1,SM,58,1352
1,SM,59,1343
1,SM,60,1346
1,SM,62,1346
1,SM,63,1353
1,SM,64,1342
1,SM,66,1344
1,SM,67,1334
1,SM,68,1338
1,SM,69,1344
1,SM,70,1353
1,SM,71,1349
1,SM,72,1353
1,SM,73,1347
1,SM,74,1352
1,SM,75,1353
1,SM,76,1351
1,SM,77,1349
1,SM,78,1347
1,SM,79,1353
1,SM,80,1347
1,SM,81,1351
1,SM,82,1353
1,SM,83,1345
1,SM,84,1352
1,SM,85,1350
1,SM,86,1351
1,SM,87,1352
1,SM,88,1351
1,SM,89,1349
1,SM,90,1351
1,SM,91,1346
1,SM,92,1349
1,SM,93,1350
1,SM,94,1349
1,SM,95,1351
1,SM,96,1354
1,SM,97,1346
1,SM,98,1350
1,SM,99,1346
1,SM,100,1346
1,SM,102,1351
1,SM,103,1353
1,SM,104,1350
1,SM,105,1349
1,SM,106,1344
1,SM,108,1353
1,SM,110,1354
1,SM,111,1347
1,SM,112,1351
1,SM,113,1349
1,SM,114,1350
1,SM,115,1331
1,SM,116,1352
1,SM,117,1336
1,SM,118,1347
1,SM,119,1347
1,SM,120,1349
1,SM,121,1351
1,SM,123,1352
1,SM,125,1350
1,SM,126,1352
1,SM,127,1353
1,SM,128,1344
1,SM,130,1355
1,SM,131,1354
1,SM,132,1355
1,SM,133,1354
1,SM,135,1342
1,SM,136,1349
1,SM,138,1344
1,SM,139,1354
1,SM,140,1352
1,SM,141,1353
1,SM,142,1349
1,SM,143,1350
1,SM,145,1346
1,SM,147,1352
1,SM,148,1353
1,SM,149,1345
1,SM,151,1352
1,SM,152,1351
1,SM,153,1353
1,SM,154,1353
1,SM,155,1349
1,SM,157,1352
1,SM,158,1345
1,SM,159,1352
1,SM,160,1346
1,SM,161,1342
1,SM,162,1335
1,SM,163,1344
1,SM,164,1345
1,SM,165,1349
1,SM,166,1349
1,SM,167,1352
1,SM,168,1351
1,SM,169,1349
1,SM,170,1341
1,SM,171,1351
1,SM,172,1350
1,SM,173,1347
1,SM,174,1341
1,SM,175,1348
1,SM,176,1352
1,SM,177,1352
1,SM,178,1353
1,SM,179,1352
1,SM,180,1354
1,SM,181,1350
1,SM,182,1353
1,SM,183,1350
1,SM,185,1350
1,SM,187,1350
1,SM,188,1346
1,SM,189,1342
1,SM,190,1339
1,SM,191,1348
1,SM,192,1349
1,SM,193,1335
1,SM,194,1352
1,SM,195,1337
1,SM,196,1351
1,SM,198,1343
1,SM,199,1340
1,SM,200,1352
1,SM,201,1353
1,SM,202,1349
1,SM,204,1338
1,SM,205,1349
1,SM,206,1352
1,SM,207,1344
1,SM,208,1350
1,SM,209,1347
1,SM,210,1352
1,SM,211,1345
1,SM,212,1351
1,SM,213,1351
1,SM,214,1342
1,SM,215,1354
1,SM,216,1351
1,SM,217,1350
1,SM,219,1351
1,SM,220,1351
1,SM,221,1345
1,SM,222,1349
1,SM,223,1340
1,SM,224,1349
1,SM,225,1336
1,SM,226,1352
1,SM,227,1338
1,SM,228,1347
1,SM,229,1352
1,SM,230,1348
1,SM,231,1347
1,SM,232,1337
1,SM,233,1350
1,SM,234,1350
1,SM,235,1353
1,SM,236,1351
1,SM,237,1353
1,SM,238,1353
1,SM,239,1350
1,SM,240,1350
1,SM,241,1349
1,SM,243,1348
1,SM,244,1352
1,SM,245,1351
1,SM,246,1349
1,SM,247,1352
1,SM,248,1350
1,SM,249,1349
1,SM,251,1350
1,SM,252,1354
1,SM,253,1331
1,SM,254,1352
1,SM,255,1346
1,SM,256,1337
1,SM,257,1353
1,SM,258,1352
1,SM,259,1348
1,SM,260,1352
1,SM,261,1345
1,SM,262,1346
1,SM,263,1334
1,SM,264,1351
1,SM,265,1352
1,SM,266,1336
1,SM,267,1345
1,SM,268,1346
1,SM,269,1349
1,SM,270,1352
1,SM,271,1348
1,SM,272,1348
1,SM,273,1340
1,SM,274,1346
1,SM,275,1340
1,SM,276,1351
1,SM,277,1350
1,SM,278,1351
1,SM,279,1349
1,SM,280,1340
1,SM,281,1350
1,SM,282,1347
1,SM,283,1350
1,SM,284,1337
1,SM,285,1352
1,SM,286,1351
1,SM,287,1352
1,SM,288,1348
1,SM,289,1346
1,SM,290,1348
1,SM,291,1347
1,SM,293,1340
1,SM,294,1343
1,SM,295,1352
1,SM,296,1353
1,SM,297,1349
1,SM,298,1344
1,SM,299,1351
1,SM,300,1352
1,SM,301,1352
1,SM,302,1352
1,SM,303,1349
1,SM,304,1351
1,SM,305,1351
1,SM,306,1351
1,SM,307,1350
1,SM,308,1347
1,SM,309,1342
1,SM,310,1347
1,SM,311,1337
1,SM,312,1345
1,SM,313,1350
1,SM,314,1345
1,SM,315,1342
1,SM,316,1353
1,SM,317,1351
1,SM,318,1351
1,SM,319,1344
1,SM,320,1351
1,SM,321,1341
1,SM,322,1349
1,SM,323,1340
1,SM,324,1341
1,SM,325,1353
1,SM,326,1345
1,SM,327,1346
1,SM,328,1353
1,SM,329,1350
1,SM,331,1353
1,SM,332,1345
1,SM,333,1352
1,SM,334,1349
1,SM,335,1349
1,SM,336,1353
1,SM,337,1349
1,SM,338,1352
1,SM,340,1350
1,SM,341,1354
1,SM,342,1353
1,SM,343,1346
1,SM,344,1349
1,SM,345,1352
1,SM,346,1351
1,SM,347,1333
1,SM,348,1350
1,SM,349,1350
1,SM,350,1341
1,SM,351,1344
1,SM,352,1350
1,SM,353,1352
1,SM,354,1349
1,SM,355,1347
1,SM,356,1348
1,SM,357,1346
1,SM,358,1350
1,SM,359,1345
1,SM,360,1349
1,SM,361,1351
1,SM,362,1351
1,SM,363,1341
1,SM,364,1351
1,SM,365,1349
1,SM,366,1341
1,SM,367,1347
1,SM,368,1350
1,SM,369,1346
1,SM,370,1351
1,SM,372,1351
1,SM,373,1353
1,SM,374,1354
1,SM,376,1354
1,SM,377,1350
1,SM,379,1349
1,SM,380,1353
1,SM,381,1352
1,SM,382,1353
1,SM,384,1353
1,SM,385,1353
1,SM,386,1344
1,SM,387,1350
1,SM,388,1351
1,SM,389,1343
1,SM,391,1350
1,SM,392,1343
1,SM,393,1352
1,SM,394,1353
1,SM,395,1350
1,SM,396,1344
1,SM,397,1343
1,SM,398,1348
1,SM,399,1347
1,SM,400,1353
1,SM,401,1352
1,SM,402,1352
1,SM,403,1352
1,SM,404,1345
1,SM,405,1353
1,SM,407,1353
1,SM,408,1351
1,SM,409,1353
1,SM,410,1352
1,SM,413,1353
1,SM,414,1353
1,SM,415,1353
1,SM,416,1345
1,SM,417,1352
1,SM,418,1350
1,SM,419,1352
1,SM,420,1345
1,SM,421,1347
1,SM,422,1350
1,SM,423,1353
1,SM,424,1344
1,SM,425,1346
1,SM,426,1353
1,SM,428,1349
1,SM,429,1352
1,SM,430,1354
1,SM,431,1352
1,SM,432,1350
1,SM,434,1347
1,SM,435,1352
1,SM,436,1353
1,SM,438,1350
1,SM,439,1352
1,SM,440,1345
1,SM,441,1344
1,SM,444,1352
1,SM,445,1353
1,SM,446,1352
1,SM,447,1346
1,SM,448,1350
1,SM,449,1352
1,SM,450,1352
1,SM,451,1348
1,SM,452,1346
1,SM,453,1348
1,SM,454,1350
1,SM,455,1351
1,SM,456,1352
1,SM,457,1350
1,SM,458,1344
1,SM,459,1349
1,SM,460,1344
1,SM,461,1343
1,SM,462,1354
1,SM,463,1352
1,SM,464,1350
1,SM,465,1353
1,SM,466,1347
1,SM,467,1345
1,SM,468,1341
1,SM,469,1343
1,SM,470,1341
1,SM,471,1348
1,SM,472,1352
1,SM,473,1348
1,SM,474,1345
1,SM,475,1349
1,SM,476,1353
1,SM,478,1354
1,SM,479,1339
1,SM,480,1353
1,SM,481,1348
1,SM,482,1353
1,SM,483,1346
1,SM,484,1351
1,SM,486,1344
1,SM,487,1352
1,SM,488,1353
1,SM,489,1348
1,SM,491,1352
1,SM,492,1350
1,SM,493,1349
1,SM,494,1346
1,SM,496,1352
1,SM,497,1337
1,SM,498,1344
1,SM,499,1344
1,SM,500,1346
1,SM,501,1339
1,SM,502,1341
1,SM,503,1345
1,SM,504,1337
1,SM,505,1307
1,SM,506,1348
1,SM,507,1350
1,SM,508,1351
1,SM,509,1348
1,SM,511,1350
1,SM,512,1346
1,SM,513,1353
1,SM,515,1341
1,SM,516,1343
1,SM,517,1353
1,SM,518,1351
1,SM,519,1353
1,SM,520,1353
1,SM,521,1351
1,SM,522,1347
1,SM,523,1347
1,SM,524,1349
1,SM,525,1345
1,SM,527,1350
1,SM,528,1347
1,SM,529,1353
1,SM,530,1351
1,SM,531,1345
1,SM,532,1351
1,SM,533,1345
1,SM,535,1352
1,SM,536,1350
1,SM,537,1335
1,SM,538,1351
1,SM,539,1349
1,SM,540,1354
1,SM,541,1353
1,SM,543,1354
1,SM,544,1354
1,SM,545,1354
1,SM,546,1351
1,SM,547,1351
1,SM,548,1354
1,SM,549,1352
1,SM,550,1351
1,SM,551,1347
1,SM,552,1350
1,SM,553,1347
1,SM,554,1353
1,SM,557,1352
1,SM,558,1341
1,SM,559,1339
1,SM,560,1343
1,SM,561,1352
1,SM,562,1353
1,SM,564,1349
1,SM,565,1344
1,SM,566,1351
1,SM,567,1346
1,SM,568,1353
1,SM,569,1350
1,SM,570,1341
1,SM,571,1335
1,SM,572,1349
1,SM,573,1345
1,SM,574,1341
1,SM,575,1335
1,SM,576,1353
1,SM,577,1349
1,SM,578,1343
1,SM,579,1333
1,SM,580,1335
1,SM,582,1344
1,SM,583,1350
1,SM,584,1345
1,SM,585,1345
1,SM,586,1350
1,SM,589,1350
1,SM,590,1353
1,SM,591,1353
1,SM,592,1343
1,SM,593,1349
1,SM,595,1344
1,SM,596,1347
1,SM,597,1352
1,SM,598,1353
1,SM,599,1353
1,SM,600,1351
1,SM,601,1345
1,SM,603,1349
1,SM,604,1342
1,SM,605,1347
1,SM,606,1353
1,SM,607,1352
1,SM,608,1353
1,SM,609,1351
1,SM,610,1341
1,SM,611,1348
1,SM,612,1345
1,SM,613,1345
1,SM,614,1353
1,SM,615,1353
1,SM,616,1349
1,SM,617,1352
1,SM,618,1352
1,SM,619,1342
1,SM,620,1338
1,SM,621,1352
1,SM,622,1350
1,SM,624,1354
1,SM,625,1341
1,SM,626,1338
1,SM,627,1352
1,SM,628,1343
1,SM,629,1348
1,SM,630,1346
1,SM,631,1341
1,SM,632,1352
1,SM,633,1351
1,SM,634,1339
1,SM,635,1349
1,SM,636,1346
1,SM,638,1353
1,SM,639,1352
1,SM,640,1347
1,SM,641,1338
1,SM,642,1352
1,SM,643,1347
1,SM,644,1342
1,SM,645,1341
1,SM,646,1339
1,SM,647,1349
1,SM,648,1348
1,SM,650,1351
1,SM,651,1339
1,SM,652,1353
1,SM,653,1338
1,SM,654,1350
1,SM,655,1352
1,SM,656,1342
1,SM,657,1346
1,SM,658,1353
1,SM,660,1346
1,SM,661,1351
1,SM,662,1345
1,SM,663,1345
1,SM,664,1351
1,SM,666,1350
1,SM,667,1340
1,SM,668,1350
1,SM,669,1347
1,SM,670,1344
1,SM,671,1323
1,SM,672,1346
1,SM,673,1352
1,SM,674,1349
1,SM,675,1345
1,SM,676,1353
1,SM,677,1351
1,SM,678,1349
1,SM,679,1350
1,SM,680,1351
1,SM,681,1346
1,SM,682,1349
1,SM,683,1343
1,SM,684,1352
1,SM,686,1350
1,SM,688,1352
1,SM,689,1332
1,SM,692,1343
1,SM,693,1343
1,SM,694,1343
1,SM,695,1347
1,SM,697,1342
1,SM,698,1338
1,SM,699,1326
1,SM,700,1332
1,SM,701,1351
1,SM,702,1342
1,SM,703,1348
1,SM,704,1342
1,SM,706,1353
1,SM,707,1353
1,SM,708,1353
1,SM,709,1346
1,SM,711,1350
1,SM,712,1346
1,SM,713,1352
1,SM,714,1351
1,SM,715,1348
1,SM,716,1353
1,SM,717,1346
1,SM,718,1349
1,SM,719,1349
1,SM,720,1348
1,SM,721,1351
1,SM,722,1351
1,SM,723,1349
1,SM,724,1350
1,SM,725,1349
1,SM,726,1342
1,SM,727,1330
1,SM,728,1351
1,SM,729,1348
1,SM,730,1344
1,SM,731,1350
1,SM,733,1344
1,SM,734,1350
1,SM,735,1352
1,SM,736,1343
1,SM,737,1352
1,SM,738,1350
1,SM,739,1348
1,SM,740,1342
1,SM,741,1348
1,SM,742,1352
1,SM,743,1353
1,SM,744,1344
1,SM,745,1349
1,SM,746,1348
1,SM,747,1345
1,SM,748,1340
1,SM,749,1345
1,SM,751,1350
1,SM,752,1348
1,SM,754,1353
1,SM,755,1348
1,SM,756,1349
1,SM,757,1350
1,SM,758,1352
1,SM,759,1346
1,SM,760,1350
1,SM,761,1351
1,SM,762,1351
1,SM,763,1350
1,SM,764,1344
1,SM,765,1339
1,SM,766,1343
1,SM,767,1348
1,SM,768,1350
1,SM,769,1342
1,SM,770,1332
1,SM,771,1343
1,SM,772,1348
1,SM,773,1352
1,SM,774,1345
1,SM,775,1338
1,SM,776,1340
1,SM,777,1347
1,SM,779,1346
1,SM,780,1344
1,SM,781,1353
1,SM,782,1339
1,SM,784,1351
1,SM,785,1338
1,SM,786,1353
1,SM,787,1352
1,SM,788,1340
1,SM,789,1354
1,SM,790,1350
1,SM,791,1350
1,SM,792,1349
1,SM,793,1341
1,SM,794,1352
1,SM,795,1352
1,SM,796,1342
1,SM,797,1346
1,SM,798,1353
1,SM,799,1347
1,SM,800,1350
1,SM,801,1336
1,SM,802,1351
1,SM,803,1340
1,SM,804,1344
1,SM,806,1353
1,SM,807,1344
1,SM,808,1331
1,SM,809,1338
1,SM,810,1354
1,SM,811,1353
1,SM,812,1350
1,SM,813,1350
1,SM,814,1346
1,SM,815,1352
1,SM,817,1346
1,SM,819,1351
1,SM,820,1352
1,SM,821,1340
1,SM,822,1351
1,SM,823,1344
1,SM,825,1345
1,SM,826,1343
1,SM,827,1353
1,SM,828,1353
1,SM,829,1352
1,SM,830,1348
1,SM,831,1352
1,SM,832,1348
1,SM,833,1353
1,SM,834,1339
1,SM,835,1352
1,SM,836,1345
1,SM,837,1353
1,SM,839,1352
1,SM,840,1350
1,SM,841,1353
1,SM,842,1331
1,SM,843,1348
1,SM,844,1334
1,SM,845,1348
1,SM,846,1351
1,SM,848,1346
1,SM,849,1347
1,SM,850,1352
1,SM,852,1349
1,SM,853,1352
1,SM,854,1344
1,SM,855,1350
1,SM,856,1335
1,SM,858,1349
1,SM,859,1348
1,SM,860,1339
1,SM,861,1344
1,SM,862,1346
1,SM,863,1347
1,SM,864,1345
1,SM,866,1347
1,SM,867,1353
1,SM,868,1352
1,SM,871,1353
1,SM,872,1351
1,SM,873,1354
1,SM,874,1345
1,SM,875,1352
1,SM,876,1351
1,SM,877,1348
1,SM,878,1351
1,SM,881,1348
1,SM,882,1349
1,SM,883,1345
1,SM,885,1350
1,SM,886,1353
1,SM,888,1352
1,SM,889,1341
1,SM,890,1353
1,SM,891,1349
1,SM,892,1353
1,SM,893,1349
1,SM,894,1342
1,SM,895,1351
1,SM,896,1348
1,SM,897,1353
1,SM,898,1352
1,SM,899,1333
1,SM,900,1348
1,SM,901,1351
1,SM,902,1351
1,SM,903,1350
1,SM,904,1350
1,SM,905,1352
1,SM,906,1354
1,SM,907,1352
1,SM,908,1350
1,SM,909,1344
1,SM,910,1337
1,SM,911,1352
1,SM,912,1351
1,SM,913,1335
1,SM,914,1348
1,SM,915,1344
1,SM,916,1353
1,SM,917,1351
1,SM,918,1338
1,SM,919,1340
1,SM,920,1345
1,SM,921,1352
1,SM,922,1350
1,SM,923,1340
1,SM,924,1341
1,SM,925,1347
1,SM,927,1345
1,SM,928,1349
1,SM,930,1354
1,SM,931,1353
1,SM,932,1347
1,SM,933,1354
1,SM,934,1346
1,SM,935,1354
1,SM,936,1352
1,SM,937,1337
1,SM,938,1341
1,SM,939,1352
1,SM,940,1341
1,SM,941,1352
1,SM,942,1353
1,SM,943,1351
1,SM,944,1351
1,SM,945,1351
1,SM,946,1352
1,SM,947,1345
1,SM,948,1352
1,SM,949,1347
1,SM,950,1352
1,SM,951,1353
1,SM,952,1344
1,SM,953,1348
1,SM,954,1348
1,SM,956,1350
1,SM,958,1351
1,SM,959,1350
1,SM,961,1355
1,SM,963,1348
1,SM,964,1341
1,SM,965,1340
1,SM,966,1337
1,SM,969,1343
1,SM,971,1346
1,SM,972,1353
1,SM,973,1333
1,SM,976,1350
1,SM,977,1354
1,SM,978,1351
1,SM,979,1350
1,SM,981,1348
1,SM,982,1353
1,SM,983,1342
1,SM,985,1354
1,SM,986,1352
1,SM,987,1348
1,SM,988,1335
1,SM,989,1336
1,SM,990,1348
1,SM,991,1347
1,SM,992,1348
1,SM,993,1349
1,SM,994,1344
1,SM,995,1345
1,SM,997,1349
1,SM,998,1348
1,SM,999,1347
1,SM,1000,1350
2,SM,1,284
2,SM,2,312
2,SM,3,358
2,SM,4,397
2,SM,5,469
2,SM,6,480
2,SM,7,495
2,SM,8,519
2,SM,9,561
2,SM,10,589
2,SM,11,602
2,SM,12,636
2,SM,13,668
2,SM,14,699
2,SM,15,721
2,SM,16,743
2,SM,17,773
2,SM,18,803
2,SM,19,835
2,SM,20,902
2,SM,21,932
2,SM,22,968
2,SM,23,1020
2,SM,24,1053
2,SM,25,1069
2,SM,26,1088
2,SM,27,1141
2,SM,28,1184
2,SM,29,1186
2,SM,30,1226
2,SM,31,1244
2,SM,32,1289
2,SM,33,1313
2,SM,34,1349
2,SM,35,1340
2,SM,36,1341
2,SM,37,1346
2,SM,38,1351
2,SM,39,1347
2,SM,40,1350
2,SM,42,1328
2,SM,43,1326
2,SM,44,1329
2,SM,45,1352
2,SM,46,1354
2,SM,47,1349
2,SM,48,1352
2,SM,50,1343
2,SM,51,1345
2,SM,52,1350
2,SM,53,1351
2,SM,54,1341
2,SM,57,1348
2,SM,58,1352
2,SM,59,1341
2,SM,60,1354
2,SM,61,1345
2,SM,62,1321
2,SM,63,1348
2,SM,64,1349
2,SM,65,1350
2,SM,66,1347
2,SM,67,1349
2,SM,68,1347
2,SM,70,1348
2,SM,72,1344
2,SM,73,1340
2,SM,74,1351
2,SM,75,1348
2,SM,76,1352
2,SM,77,1350
2,SM,78,1349
2,SM,79,1350
2,SM,80,1352
2,SM,81,1351
2,SM,82,1348
2,SM,83,1345
2,SM,84,1351
2,SM,85,1350
2,SM,87,1351
2,SM,88,1351
2,SM,89,1351
2,SM,91,1353
2,SM,92,1352
2,SM,93,1353
2,SM,94,1347
2,SM,95,1348
2,SM,96,1352
2,SM,97,1351
2,SM,100,1351
2,SM,101,1349
2,SM,102,1353
2,SM,103,1353
2,SM,104,1353
2,SM,105,1353
2,SM,106,1347
2,SM,107,1349
2,SM,108,1353
2,SM,109,1351
2,SM,110,1352
2,SM,112,1336
2,SM,113,1344
2,SM,114,1341
2,SM,115,1351
2,SM,116,1347
2,SM,117,1352
2,SM,118,1349
2,SM,119,1350
2,SM,120,1351
2,SM,122,1352
2,SM,125,1354
2,SM,127,1353
2,SM,128,1350
2,SM,129,1352
2,SM,130,1351
2,SM,131,1353
2,SM,132,1354
2,SM,133,1348
2,SM,135,1351
2,SM,136,1351
2,SM,137,1353
2,SM,138,1352
2,SM,139,1347
2,SM,140,1349
2,SM,141,1352
2,SM,142,1353
2,SM,143,1349
2,SM,145,1352
2,SM,146,1352
2,SM,147,1349
2,SM,148,1353
2,SM,149,1349
2,SM,150,1352
2,SM,151,1349
2,SM,152,1345
2,SM,153,1345
2,SM,154,1342
2,SM,155,1351
2,SM,156,1348
2,SM,157,1341
2,SM,159,1351
2,SM,160,1343
2,SM,162,1346
2,SM,163,1348
2,SM,164,1348
2,SM,165,1343
2,SM,166,1352
2,SM,167,1352
2,SM,168,1352
2,SM,169,1348
2,SM,170,1341
2,SM,171,1352
2,SM,173,1347
2,SM,175,1347
2,SM,176,1349
2,SM,177,1349
2,SM,178,1351
2,SM,179,1348
2,SM,180,1352
2,SM,182,1351
2,SM,183,1354
2,SM,184,1344
2,SM,185,1350
2,SM,186,1343
2,SM,187,1353
2,SM,188,1349
2,SM,189,1350
2,SM,190,1338
2,SM,191,1343
2,SM,192,1350
2,SM,194,1342
2,SM,195,1351
2,SM,196,1348
2,SM,197,1351
2,SM,198,1346
2,SM,199,1334
2,SM,200,1349
2,SM,201,1350
2,SM,202,1349
2,SM,203,1352
2,SM,204,1350
2,SM,205,1352
2,SM,206,1345
2,SM,208,1351
2,SM,210,1351
2,SM,211,1351
2,SM,212,1353
2,SM,213,1353
2,SM,214,1348
2,SM,215,1353
2,SM,216,1351
2,SM,217,1350
2,SM,218,1341
2,SM,219,1351
2,SM,220,1348
2,SM,221,1350
2,SM,222,1348
2,SM,223,1350
2,SM,224,1344
2,SM,225,1347
2,SM,226,1345
2,SM,227,1331
2,SM,228,1352
2,SM,230,1346
2,SM,231,1352
2,SM,232,1352
2,SM,233,1352
2,SM,234,1352
2,SM,235,1349
2,SM,236,1349
2,SM,238,1346
2,SM,239,1352
2,SM,240,1351
2,SM,241,1346
2,SM,242,1350
2,SM,243,1352
2,SM,244,1351
2,SM,246,1349
2,SM,247,1352
2,SM,248,1333
2,SM,249,1350
2,SM,250,1349
2,SM,251,1345
2,SM,252,1351
2,SM,253,1347
2,SM,254,1344
2,SM,255,1350
2,SM,256,1344
2,SM,257,1349
2,SM,258,1338
2,SM,259,1349
2,SM,261,1337
2,SM,262,1347
2,SM,263,1350
2,SM,264,1348
2,SM,265,1349
2,SM,266,1352
2,SM,267,1347
2,SM,268,1347
2,SM,269,1351
2,SM,270,1349
2,SM,271,1351
2,SM,272,1349
2,SM,273,1347
2,SM,274,1348
2,SM,275,1349
2,SM,276,1350
2,SM,277,1351
2,SM,278,1348
2,SM,279,1339
2,SM,280,1349
2,SM,281,1349
2,SM,282,1351
2,SM,283,1348
2,SM,285,1349
2,SM,287,1351
2,SM,288,1350
2,SM,289,1340
2,SM,290,1349
2,SM,291,1351
2,SM,292,1353
2,SM,293,1351
2,SM,294,1349
2,SM,295,1346
2,SM,297,1352
2,SM,298,1350
2,SM,299,1349
2,SM,300,1353
2,SM,301,1352
2,SM,302,1352
2,SM,303,1348
2,SM,304,1340
2,SM,305,1348
2,SM,306,1335
2,SM,307,1343
2,SM,308,1349
2,SM,309,1347
2,SM,310,1348
2,SM,311,1352
2,SM,312,1351
2,SM,313,1349
2,SM,314,1349
2,SM,316,1347
2,SM,317,1347
2,SM,318,1342
2,SM,319,1352
2,SM,321,1348
2,SM,322,1345
2,SM,323,1349
2,SM,324,1348
2,SM,325,1345
2,SM,326,1351
2,SM,327,1352
2,SM,328,1350
2,SM,329,1352
2,SM,330,1348
2,SM,331,1351
2,SM,332,1351
2,SM,333,1351
2,SM,336,1353
2,SM,337,1350
2,SM,338,1347
2,SM,339,1352
2,SM,341,1353
2,SM,342,1332
2,SM,343,1352
2,SM,344,1348
2,SM,345,1344
2,SM,346,1343
2,SM,348,1349
2,SM,349,1346
2,SM,350,1350
2,SM,351,1342
2,SM,352,1347
2,SM,353,1350
2,SM,354,1348
2,SM,355,1349
2,SM,356,1351
2,SM,358,1342
2,SM,360,1348
2,SM,361,1343
2,SM,362,1351
2,SM,363,1350
2,SM,364,1351
2,SM,366,1353
2,SM,368,1349
2,SM,369,1351
2,SM,370,1354
2,SM,371,1353
2,SM,372,1347
2,SM,374,1348
2,SM,375,1351
2,SM,376,1347
2,SM,377,1349
2,SM,378,1354
2,SM,382,1348
2,SM,384,1343
2,SM,385,1354
2,SM,386,1348
2,SM,387,1350
2,SM,388,1345
2,SM,390,1350
2,SM,391,1351
2,SM,392,1341
2,SM,393,1337
2,SM,394,1344
2,SM,395,1352
2,SM,396,1349
2,SM,397,1349
2,SM,398,1347
2,SM,399,1341
2,SM,400,1349
2,SM,401,1353
2,SM,402,1347
2,SM,403,1352
2,SM,405,1352
2,SM,406,1341
2,SM,407,1350
2,SM,408,1349
2,SM,409,1350
2,SM,410,1353
2,SM,411,1350
2,SM,412,1353
2,SM,413,1351
2,SM,414,1352
2,SM,415,1351
2,SM,416,1350
2,SM,417,1347
2,SM,418,1349
2,SM,419,1342
2,SM,420,1351
2,SM,421,1346
2,SM,422,1351
2,SM,423,1347
2,SM,425,1344
2,SM,426,1350
2,SM,427,1347
2,SM,428,1349
2,SM,429,1352
2,SM,430,1350
2,SM,432,1351
2,SM,433,1349
2,SM,434,1353
2,SM,435,1350
2,SM,436,1352
2,SM,438,1354
2,SM,439,1354
2,SM,440,1352
2,SM,441,1353
2,SM,442,1335
2,SM,443,1352
2,SM,444,1351
2,SM,445,1351
2,SM,446,1352
2,SM,447,1339
2,SM,448,1351
2,SM,450,1347
2,SM,451,1352
2,SM,452,1352
2,SM,453,1343
2,SM,454,1351
2,SM,457,1348
2,SM,458,1353
2,SM,459,1349
2,SM,460,1343
2,SM,461,1351
2,SM,462,1342
2,SM,463,1343
2,SM,464,1351
2,SM,465,1338
2,SM,466,1346
2,SM,467,1346
2,SM,468,1351
2,SM,469,1350
2,SM,471,1344
2,SM,472,1352
2,SM,473,1353
2,SM,474,1345
2,SM,476,1353
2,SM,477,1351
2,SM,478,1341
2,SM,479,1345
2,SM,480,1351
2,SM,481,1346
2,SM,482,1349
2,SM,483,1349
2,SM,484,1349
2,SM,485,1351
2,SM,487,1352
2,SM,488,1349
2,SM,489,1344
2,SM,490,1348
2,SM,491,1350
2,SM,492,1339
2,SM,493,1344
2,SM,494,1343
2,SM,495,1333
2,SM,496,1343
2,SM,498,1344
2,SM,499,1329
2,SM,500,1326
2,SM,501,1341
2,SM,502,1349
2,SM,503,1346
2,SM,504,1347
2,SM,505,1349
2,SM,506,1348
2,SM,507,1351
2,SM,508,1351
2,SM,510,1337
2,SM,511,1339
2,SM,512,1352
2,SM,514,1347
2,SM,515,1349
2,SM,516,1351
2,SM,517,1338
2,SM,518,1349
2,SM,519,1351
2,SM,520,1352
2,SM,521,1350
2,SM,522,1352
2,SM,523,1345
2,SM,524,1350
2,SM,525,1352
2,SM,526,1350
2,SM,527,1346
2,SM,528,1350
2,SM,529,1352
2,SM,530,1350
2,SM,531,1345
2,SM,532,1335
2,SM,533,1347
2,SM,535,1343
2,SM,537,1348
2,SM,538,1351
2,SM,540,1350
2,SM,541,1353
2,SM,542,1352
2,SM,544,1350
2,SM,545,1353
2,SM,546,1351
2,SM,547,1345
2,SM,548,1346
2,SM,549,1352
2,SM,550,1345
2,SM,552,1350
2,SM,553,1351
2,SM,554,1339
2,SM,555,1340
2,SM,556,1350
2,SM,557,1351
2,SM,558,1348
2,SM,560,1348
2,SM,561,1350
2,SM,562,1346
2,SM,563,1352
2,SM,564,1352
2,SM,565,1347
2,SM,566,1343
2,SM,568,1343
2,SM,569,1351
2,SM,570,1338
2,SM,571,1352
2,SM,572,1349
2,SM,573,1353
2,SM,574,1337
2,SM,575,1345
2,SM,576,1351
2,SM,577,1351
2,SM,578,1350
2,SM,579,1341
2,SM,580,1342
2,SM,581,1348
2,SM,582,1346
2,SM,584,1352
2,SM,585,1348
2,SM,586,1353
2,SM,587,1350
2,SM,588,1351
2,SM,589,1353
2,SM,590,1349
2,SM,591,1346
2,SM,592,1351
2,SM,593,1351
2,SM,595,1351
2,SM,596,1345
2,SM,597,1348
2,SM,598,1349
2,SM,599,1340
2,SM,600,1352
2,SM,601,1353
2,SM,602,1345
2,SM,603,1353
2,SM,604,1351
2,SM,606,1353
2,SM,607,1346
2,SM,609,1353
2,SM,610,1350
2,SM,611,1353
2,SM,612,1349
2,SM,613,1348
2,SM,614,1348
2,SM,615,1338
2,SM,617,1346
2,SM,618,1350
2,SM,619,1349
2,SM,620,1343
2,SM,621,1346
2,SM,622,1348
2,SM,623,1347
2,SM,624,1351
2,SM,626,1339
2,SM,628,1353
2,SM,629,1349
2,SM,630,1352
2,SM,631,1351
2,SM,633,1348
2,SM,636,1331
2,SM,637,1349
2,SM,638,1351
2,SM,639,1337
2,SM,640,1340
2,SM,641,1342
2,SM,642,1343
2,SM,644,1352
2,SM,645,1348
2,SM,646,1340
2,SM,647,1351
2,SM,648,1352
2,SM,649,1349
2,SM,650,1349
2,SM,651,1345
2,SM,652,1342
2,SM,653,1346
2,SM,654,1348
2,SM,655,1341
2,SM,656,1349
2,SM,657,1348
2,SM,658,1347
2,SM,659,1352
2,SM,660,1351
2,SM,661,1353
2,SM,663,1352
2,SM,664,1353
2,SM,665,1346
2,SM,666,1328
2,SM,667,1350
2,SM,668,1353
2,SM,669,1348
2,SM,671,1346
2,SM,672,1348
2,SM,673,1349
2,SM,674,1353
2,SM,675,1351
2,SM,676,1347
2,SM,677,1348
2,SM,678,1350
2,SM,679,1349
2,SM,680,1351
2,SM,681,1351
2,SM,682,1352
2,SM,683,1350
2,SM,684,1347
2,SM,686,1347
2,SM,687,1345
2,SM,688,1353
2,SM,689,1343
2,SM,690,1338
2,SM,691,1351
2,SM,692,1340
2,SM,693,1349
2,SM,694,1337
2,SM,695,1345
2,SM,696,1341
2,SM,697,1345
2,SM,698,1348
2,SM,700,1345
2,SM,701,1352
2,SM,702,1352
2,SM,703,1350
2,SM,704,1348
2,SM,705,1350
2,SM,706,1348
2,SM,707,1347
2,SM,708,1352
2,SM,709,1342
2,SM,710,1350
2,SM,711,1349
2,SM,712,1342
2,SM,713,1344
2,SM,714,1348
2,SM,715,1346
2,SM,716,1346
2,SM,717,1352
2,SM,718,1344
2,SM,719,1349
2,SM,720,1348
2,SM,721,1348
2,SM,722,1335
2,SM,723,1351
2,SM,724,1349
2,SM,725,1342
2,SM,726,1351
2,SM,727,1349
2,SM,728,1347
2,SM,729,1350
2,SM,730,1348
2,SM,731,1335
2,SM,732,1348
2,SM,734,1352
2,SM,735,1349
2,SM,736,1351
2,SM,737,1351
2,SM,738,1351
2,SM,739,1353
2,SM,740,1349
2,SM,741,1341
2,SM,742,1349
2,SM,743,1339
2,SM,744,1348
2,SM,745,1343
2,SM,746,1348
2,SM,747,1351
2,SM,748,1349
2,SM,749,1352
2,SM,750,1352
2,SM,751,1353
2,SM,752,1350
2,SM,753,1351
2,SM,754,1350
2,SM,755,1342
2,SM,756,1348
2,SM,757,1344
2,SM,758,1350
2,SM,759,1343
2,SM,760,1342
2,SM,761,1334
2,SM,762,1344
2,SM,763,1349
2,SM,764,1339
2,SM,765,1344
2,SM,766,1345
2,SM,767,1348
2,SM,768,1346
2,SM,770,1353
2,SM,771,1334
2,SM,772,1349
2,SM,773,1352
2,SM,774,1345
2,SM,775,1350
2,SM,776,1351
2,SM,777,1343
2,SM,778,1352
2,SM,779,1352
2,SM,780,1335
2,SM,782,1348
2,SM,783,1347
2,SM,784,1343
2,SM,785,1351
2,SM,786,1349
2,SM,787,1353
2,SM,788,1343
2,SM,789,1347
2,SM,790,1346
2,SM,792,1346
2,SM,793,1352
2,SM,794,1352
2,SM,795,1351
2,SM,796,1342
2,SM,797,1346
2,SM,798,1347
2,SM,799,1348
2,SM,800,1352
2,SM,802,1352
2,SM,803,1331
2,SM,804,1335
2,SM,805,1353
2,SM,806,1350
2,SM,807,1353
2,SM,808,1346
2,SM,809,1348
2,SM,810,1351
2,SM,811,1348
2,SM,812,1352
2,SM,813,1352
2,SM,814,1351
2,SM,815,1351
2,SM,817,1354
2,SM,818,1348
2,SM,819,1353
2,SM,820,1346
2,SM,821,1345
2,SM,822,1352
2,SM,823,1349
2,SM,824,1351
2,SM,825,1343
2,SM,826,1345
2,SM,827,1350
2,SM,828,1352
2,SM,829,1336
2,SM,830,1349
2,SM,831,1352
2,SM,832,1351
2,SM,833,1351
2,SM,834,1352
2,SM,835,1343
2,SM,836,1347
2,SM,837,1335
2,SM,838,1348
2,SM,839,1339
2,SM,841,1352
2,SM,842,1350
2,SM,843,1340
2,SM,844,1351
2,SM,845,1352
2,SM,846,1353
2,SM,847,1349
2,SM,848,1349
2,SM,849,1345
2,SM,850,1348
2,SM,851,1337
2,SM,852,1351
2,SM,854,1350
2,SM,855,1347
2,SM,856,1346
2,SM,857,1349
2,SM,858,1351
2,SM,859,1347
2,SM,860,1346
2,SM,861,1345
2,SM,862,1343
2,SM,863,1349
2,SM,864,1353
2,SM,866,1350
2,SM,868,1350
2,SM,869,1345
2,SM,870,1351
2,SM,871,1353
2,SM,872,1352
2,SM,873,1350
2,SM,874,1348
2,SM,876,1348
2,SM,877,1350
2,SM,878,1353
2,SM,880,1348
2,SM,882,1354
2,SM,883,1353
2,SM,884,1344
2,SM,885,1347
2,SM,886,1347
2,SM,888,1350
2,SM,889,1344
2,SM,890,1346
2,SM,891,1346
2,SM,892,1351
2,SM,893,1347
2,SM,894,1344
2,SM,895,1342
2,SM,896,1352
2,SM,897,1351
2,SM,898,1350
2,SM,901,1352
2,SM,902,1352
2,SM,903,1352
2,SM,904,1347
2,SM,905,1340
2,SM,906,1351
2,SM,908,1332
2,SM,909,1346
2,SM,910,1352
2,SM,912,1351
2,SM,913,1345
2,SM,914,1350
2,SM,915,1350
2,SM,917,1349
2,SM,918,1342
2,SM,919,1346
2,SM,920,1342
2,SM,921,1353
2,SM,922,1352
2,SM,923,1351
2,SM,925,1354
2,SM,926,1348
2,SM,927,1353
2,SM,928,1352
2,SM,930,1348
2,SM,932,1342
2,SM,933,1342
2,SM,934,1352
2,SM,935,1337
2,SM,936,1351
2,SM,937,1352
2,SM,938,1342
2,SM,939,1349
2,SM,940,1349
2,SM,942,1348
2,SM,943,1348
2,SM,944,1345
2,SM,946,1352
2,SM,947,1349
2,SM,948,1345
2,SM,949,1352
2,SM,950,1349
2,SM,951,1351
2,SM,952,1349
2,SM,954,1349
2,SM,956,1352
2,SM,957,1352
2,SM,958,1351
2,SM,959,1351
2,SM,960,1344
2,SM,961,1336
2,SM,962,1349
2,SM,963,1347
2,SM,964,1352
2,SM,966,1342
2,SM,967,1353
2,SM,968,1341
2,SM,969,1352
2,SM,970,1354
2,SM,972,1351
2,SM,973,1353
2,SM,974,1345
2,SM,976,1346
2,SM,977,1351
2,SM,978,1343
2,SM,979,1350
2,SM,980,1354
2,SM,981,1354
2,SM,982,1349
2,SM,983,1341
2,SM,984,1343
2,SM,985,1352
2,SM,986,1348
2,SM,987,1351
2,SM,988,1348
2,SM,989,1349
2,SM,990,1345
2,SM,991,1351
2,SM,992,1348
2,SM,993,1350
2,SM,994,1348
2,SM,995,1344
2,SM,996,1347
2,SM,997,1342
2,SM,998,1347
2,SM,999,1347
2,SM,1000,1348
1,TDM,1,506
1,TDM,2,530
1,TDM,3,550
1,TDM,4,563
1,TDM,5,557
1,TDM,6,630
1,TDM,7,651
1,TDM,8,697
1,TDM,9,727
1,TDM,10,707
1,TDM,11,756
1,TDM,12,803
1,TDM,13,810
1,TDM,14,839
1,TDM,15,855
1,TDM,16,852
1,TDM,17,846
1,TDM,18,900
1,TDM,19,912
1,TDM,20,928
1,TDM,21,991
1,TDM,22,1020
1,TDM,23,1088
1,TDM,24,1077
1,TDM,25,1095
1,TDM,26,1122
1,TDM,27,1152
1,TDM,28,1155
1,TDM,29,1186
1,TDM,30,1208
1,TDM,31,1237
1,TDM,32,1264
1,TDM,33,1329
1,TDM,34,1338
1,TDM,35,1328
1,TDM,36,1336
1,TDM,37,1341
1,TDM,38,1356
1,TDM,39,1385
1,TDM,40,1414
1,TDM,41,1438
1,TDM,42,1463
1,TDM,43,1489
1,TDM,44,1510
1,TDM,45,1529
1,TDM,46,1548
1,TDM,47,1631
1,TDM,48,1655
1,TDM,49,1690
1,TDM,50,1705
1,TDM,51,1760
1,TDM,52,1792
1,TDM,53,1788
1,TDM,54,1787
1,TDM,55,1836
1,TDM,56,1864
1,TDM,57,1882
1,TDM,58,1955
1,TDM,59,1985
1,TDM,60,2014
1,TDM,61,2033
1,TDM,62,2076
1,TDM,63,2084
1,TDM,64,2106
1,TDM,65,2113
1,TDM,66,2121
1,TDM,67,2164
1,TDM,68,2191
1,TDM,69,2204
1,TDM,70,2241
1,TDM,71,2271
1,TDM,72,2295
1,TDM,73,2303
1,TDM,74,2338
1,TDM,75,2343
1,TDM,76,2391
1,TDM,77,2407
1,TDM,78,2430
1,TDM,79,2447
1,TDM,80,2479
1,TDM,81,2512
1,TDM,82,2544
1,TDM,83,2573
1,TDM,84,2616
1,TDM,85,2585
1,TDM,86,2663
1,TDM,87,2671
1,TDM,88,2657
1,TDM,89,2693
1,TDM,90,2704
1,TDM,91,2700
1,TDM,93,2700
1,TDM,94,2694
1,TDM,95,2692
1,TDM,97,2692
1,TDM,98,2705
1,TDM,100,2692
1,TDM,102,2692
1,TDM,103,2708
1,TDM,105,2703
1,TDM,106,2708
1,TDM,107,2702
1,TDM,108,2701
1,TDM,109,2690
1,TDM,110,2707
1,TDM,111,2698
1,TDM,113,2704
1,TDM,114,2707
1,TDM,115,2706
1,TDM,116,2703
1,TDM,117,2684
1,TDM,118,2705
1,TDM,121,2692
1,TDM,122,2688
1,TDM,123,2706
1,TDM,124,2692
1,TDM,125,2702
1,TDM,126,2687
1,TDM,127,2692
1,TDM,128,2697
1,TDM,129,2704
1,TDM,130,2705
1,TDM,131,2691
1,TDM,132,2701
1,TDM,133,2697
1,TDM,134,2699
1,TDM,135,2702
1,TDM,136,2701
1,TDM,137,2687
1,TDM,138,2692
1,TDM,139,2696
1,TDM,140,2702
1,TDM,141,2704
1,TDM,142,2689
1,TDM,143,2683
1,TDM,144,2696
1,TDM,145,2696
1,TDM,146,2695
1,TDM,147,2700
1,TDM,148,2692
1,TDM,149,2699
1,TDM,150,2672
1,TDM,151,2699
1,TDM,152,2704
1,TDM,153,2701
1,TDM,154,2700
1,TDM,155,2701
1,TDM,156,2700
1,TDM,157,2702
1,TDM,158,2680
1,TDM,159,2693
1,TDM,160,2683
1,TDM,161,2694
1,TDM,162,2704
1,TDM,163,2692
1,TDM,164,2702
1,TDM,165,2700
1,TDM,166,2673
1,TDM,167,2683
1,TDM,168,2696
1,TDM,169,2701
1,TDM,170,2701
1,TDM,171,2700
1,TDM,174,2702
1,TDM,175,2697
1,TDM,176,2702
1,TDM,177,2698
1,TDM,179,2702
1,TDM,180,2705
1,TDM,181,2691
1,TDM,182,2693
1,TDM,183,2673
1,TDM,184,2707
1,TDM,185,2700
1,TDM,186,2703
1,TDM,187,2705
1,TDM,188,2698
1,TDM,189,2692
1,TDM,190,2696
1,TDM,191,2682
1,TDM,192,2698
1,TDM,193,2701
1,TDM,194,2697
1,TDM,195,2703
1,TDM,196,2703
1,TDM,197,2699
1,TDM,198,2696
1,TDM,199,2693
1,TDM,200,2699
1,TDM,201,2700
1,TDM,202,2703
1,TDM,203,2700
1,TDM,205,2703
1,TDM,206,2698
1,TDM,207,2705
1,TDM,208,2705
1,TDM,209,2704
1,TDM,210,2685
1,TDM,211,2672
1,TDM,212,2704
1,TDM,213,2698
1,TDM,215,2696
1,TDM,216,2704
1,TDM,217,2706
1,TDM,218,2698
1,TDM,219,2692
1,TDM,221,2699
1,TDM,222,2706
1,TDM,223,2705
1,TDM,224,2698
1,TDM,225,2699
1,TDM,226,2671
1,TDM,227,2692
1,TDM,228,2701
1,TDM,229,2702
1,TDM,230,2690
1,TDM,231,2700
1,TDM,232,2697
1,TDM,233,2697
1,TDM,234,2680
1,TDM,235,2691
1,TDM,236,2698
1,TDM,237,2692
1,TDM,238,2689
1,TDM,239,2694
1,TDM,240,2673
1,TDM,241,2692
1,TDM,242,2694
1,TDM,244,2672
1,TDM,245,2694
1,TDM,246,2689
1,TDM,248,2699
1,TDM,250,2680
1,TDM,251,2702
1,TDM,252,2699
1,TDM,253,2696
1,TDM,254,2700
1,TDM,255,2698
1,TDM,256,2695
1,TDM,257,2706
1,TDM,258,2694
1,TDM,259,2701
1,TDM,260,2704
1,TDM,261,2688
1,TDM,262,2671
1,TDM,263,2682
1,TDM,264,2703
1,TDM,265,2698
1,TDM,266,2703
1,TDM,267,2682
1,TDM,268,2681
1,TDM,269,2686
1,TDM,270,2691
1,TDM,271,2702
1,TDM,272,2704
1,TDM,273,2701
1,TDM,274,2695
1,TDM,275,2681
1,TDM,276,2694
1,TDM,277,2701
1,TDM,279,2693
1,TDM,281,2683
1,TDM,282,2706
1,TDM,283,2700
1,TDM,284,2703
1,TDM,285,2693
1,TDM,286,2706
1,TDM,287,2695
1,TDM,288,2706
1,TDM,289,2705
1,TDM,290,2705
1,TDM,292,2704
1,TDM,293,2699
1,TDM,294,2695
1,TDM,295,2702
1,TDM,296,2700
1,TDM,297,2702
1,TDM,298,2701
1,TDM,300,2706
1,TDM,301,2698
1,TDM,302,2691
1,TDM,303,2701
1,TDM,304,2698
1,TDM,305,2680
1,TDM,306,2694
1,TDM,307,2693
1,TDM,309,2701
1,TDM,310,2701
1,TDM,311,2706
1,TDM,312,2702
1,TDM,313,2704
1,TDM,315,2704
1,TDM,316,2698
1,TDM,317,2705
1,TDM,318,2681
1,TDM,319,2683
1,TDM,320,2696
1,TDM,321,2682
1,TDM,324,2694
1,TDM,325,2688
1,TDM,326,2704
1,TDM,327,2704
1,TDM,328,2695
1,TDM,329,2703
1,TDM,331,2705
1,TDM,332,2707
1,TDM,333,2704
1,TDM,335,2696
1,TDM,336,2701
1,TDM,337,2684
1,TDM,338,2680
1,TDM,339,2704
1,TDM,340,2687
1,TDM,341,2703
1,TDM,342,2705
1,TDM,343,2678
1,TDM,344,2696
1,TDM,345,2704
1,TDM,346,2695
1,TDM,347,2691
1,TDM,348,2695
1,TDM,349,2686
1,TDM,350,2704
1,TDM,351,2701
1,TDM,352,2701
1,TDM,353,2689
1,TDM,355,2692
1,TDM,356,2699
1,TDM,357,2704
1,TDM,358,2662
1,TDM,359,2702
1,TDM,360,2697
1,TDM,361,2704
1,TDM,362,2701
1,TDM,363,2694
1,TDM,364,2704
1,TDM,365,2688
1,TDM,366,2695
1,TDM,367,2686
1,TDM,368,2675
1,TDM,369,2704
1,TDM,370,2703
1,TDM,371,2695
1,TDM,373,2700
1,TDM,374,2700
1,TDM,375,2670
1,TDM,376,2705
1,TDM,377,2693
1,TDM,378,2704
1,TDM,380,2700
1,TDM,381,2697
1,TDM,382,2702
1,TDM,383,2687
1,TDM,384,2706
1,TDM,385,2694
1,TDM,387,2706
1,TDM,388,2703
1,TDM,389,2672
1,TDM,390,2672
1,TDM,391,2704
1,TDM,392,2702
1,TDM,393,2702
1,TDM,394,2705
1,TDM,395,2685
1,TDM,396,2699
1,TDM,398,2694
1,TDM,399,2695
1,TDM,400,2681
1,TDM,401,2705
1,TDM,402,2702
1,TDM,403,2702
1,TDM,404,2704
1,TDM,406,2703
1,TDM,407,2705
1,TDM,408,2691
1,TDM,409,2702
1,TDM,410,2677
1,TDM,412,2685
1,TDM,413,2667
1,TDM,414,2687
1,TDM,415,2686
1,TDM,416,2684
1,TDM,417,2700
1,TDM,418,2699
1,TDM,419,2698
1,TDM,420,2687
1,TDM,421,2703
1,TDM,422,2705
1,TDM,423,2704
1,TDM,424,2705
1,TDM,425,2700
1,TDM,426,2700
1,TDM,427,2702
1,TDM,428,2703
1,TDM,429,2698
1,TDM,430,2703
1,TDM,431,2700
1,TDM,432,2702
1,TDM,433,2704
1,TDM,434,2688
1,TDM,435,2695
1,TDM,436,2694
1,TDM,437,2690
1,TDM,438,2700
1,TDM,439,2704
1,TDM,440,2699
1,TDM,441,2700
1,TDM,442,2688
1,TDM,443,2702
1,TDM,444,2700
1,TDM,445,2680
1,TDM,446,2704
1,TDM,447,2695
1,TDM,448,2692
1,TDM,450,2704
1,TDM,451,2700
1,TDM,452,2703
1,TDM,453,2675
1,TDM,454,2678
1,TDM,455,2672
1,TDM,456,2684
1,TDM,457,2702
1,TDM,458,2705
1,TDM,459,2705
1,TDM,460,2701
1,TDM,461,2698
1,TDM,462,2687
1,TDM,464,2688
1,TDM,465,2696
1,TDM,466,2703
1,TDM,467,2697
1,TDM,469,3211
1,TDM,470,3010
1,TDM,471,2809
1,TDM,472,2670
1,TDM,473,2672
1,TDM,474,2689
1,TDM,475,2681
1,TDM,476,2697
1,TDM,477,2696
1,TDM,478,2673
1,TDM,479,2687
1,TDM,480,2692
1,TDM,482,2699
1,TDM,483,2695
1,TDM,484,2692
1,TDM,485,2693
1,TDM,486,2686
1,TDM,487,2698
1,TDM,488,2694
1,TDM,489,2686
1,TDM,490,2683
1,TDM,491,2682
1,TDM,492,2666
1,TDM,493,2662
1,TDM,494,2685
1,TDM,496,2668
1,TDM,497,2687
1,TDM,498,2695
1,TDM,499,2696
1,TDM,500,2697
1,TDM,501,2701
1,TDM,503,2690
1,TDM,504,2682
1,TDM,505,2706
1,TDM,508,2687
1,TDM,509,2686
1,TDM,510,2699
1,TDM,511,2698
1,TDM,512,2692
1,TDM,513,2697
1,TDM,514,2685
1,TDM,515,2699
1,TDM,516,2704
1,TDM,517,2706
1,TDM,518,2706
1,TDM,519,2702
1,TDM,521,2703
1,TDM,523,2692
1,TDM,524,2686
1,TDM,526,2707
1,TDM,527,2704
1,TDM,529,2688
1,TDM,531,2709
1,TDM,532,2706
1,TDM,533,2705
1,TDM,534,2703
1,TDM,535,2681
1,TDM,536,2705
1,TDM,537,2707
1,TDM,538,2701
1,TDM,539,2706
1,TDM,540,2706
1,TDM,541,2705
1,TDM,542,2695
1,TDM,543,2699
1,TDM,544,2699
1,TDM,545,2698
1,TDM,546,2701
1,TDM,547,2698
1,TDM,548,2699
1,TDM,549,2699
1,TDM,550,2693
1,TDM,551,2701
1,TDM,552,2703
1,TDM,553,2703
1,TDM,554,2690
1,TDM,555,2670
1,TDM,556,2698
1,TDM,557,2698
1,TDM,558,2703
1,TDM,559,2699
1,TDM,560,2704
1,TDM,561,2701
1,TDM,562,2703
1,TDM,563,2684
1,TDM,564,2699
1,TDM,565,2699
1,TDM,566,2699
1,TDM,567,2693
1,TDM,568,2698
1,TDM,569,2694
1,TDM,570,2693
1,TDM,572,2683
1,TDM,573,2683
1,TDM,574,2691
1,TDM,575,2704
1,TDM,577,2694
1,TDM,578,2696
1,TDM,579,2704
1,TDM,580,2706
1,TDM,581,2692
1,TDM,582,2689
1,TDM,584,2705
1,TDM,585,2691
1,TDM,586,2703
1,TDM,587,2705
1,TDM,588,2686
1,TDM,589,2704
1,TDM,590,2701
1,TDM,591,2698
1,TDM,592,2702
1,TDM,593,2699
1,TDM,594,2703
1,TDM,595,2700
1,TDM,596,2694
1,TDM,597,2699
1,TDM,598,2699
1,TDM,599,2700
1,TDM,601,2703
1,TDM,602,2700
1,TDM,603,2705
1,TDM,604,2677
1,TDM,605,2701
1,TDM,606,2698
1,TDM,607,2704
1,TDM,608,2703
1,TDM,609,2695
1,TDM,610,2702
1,TDM,611,2694
1,TDM,612,2690
1,TDM,613,2695
1,TDM,614,2690
1,TDM,615,2692
1,TDM,616,2697
1,TDM,617,2694
1,TDM,618,2691
1,TDM,619,2687
1,TDM,620,2704
1,TDM,622,2676
1,TDM,623,2678
1,TDM,624,2705
1,TDM,625,2693
1,TDM,626,2704
1,TDM,627,2692
1,TDM,628,2703
1,TDM,629,2697
1,TDM,630,2702
1,TDM,631,2685
1,TDM,632,2704
1,TDM,633,2704
1,TDM,634,2698
1,TDM,636,2698
1,TDM,637,2689
1,TDM,638,2701
1,TDM,639,2690
1,TDM,640,2692
1,TDM,641,2702
1,TDM,642,2693
1,TDM,643,2699
1,TDM,644,2685
1,TDM,645,2698
1,TDM,647,2703
1,TDM,648,2704
1,TDM,649,2704
1,TDM,650,2696
1,TDM,651,2690
1,TDM,652,2702
1,TDM,653,2695
1,TDM,654,2703
1,TDM,655,2688
1,TDM,656,2698
1,TDM,657,2689
1,TDM,658,2703
1,TDM,660,2699
1,TDM,661,2687
1,TDM,662,2681
1,TDM,663,2692
1,TDM,664,2681
1,TDM,665,2697
1,TDM,666,2701
1,TDM,667,2692
1,TDM,668,2704
1,TDM,669,2701
1,TDM,670,2697
1,TDM,671,2702
1,TDM,672,2691
1,TDM,673,2698
1,TDM,676,2704
1,TDM,677,2706
1,TDM,678,2704
1,TDM,679,2703
1,TDM,680,2705
1,TDM,681,2705
1,TDM,682,2698
1,TDM,683,2680
1,TDM,684,2706
1,TDM,685,2703
1,TDM,686,2704
1,TDM,687,2699
1,TDM,688,2698
1,TDM,689,2700
1,TDM,690,2696
1,TDM,691,2698
1,TDM,692,2693
1,TDM,693,2701
1,TDM,694,2703
1,TDM,695,2699
1,TDM,696,2696
1,TDM,697,2703
1,TDM,698,2704
1,TDM,699,2701
1,TDM,700,2700
1,TDM,701,2702
1,TDM,702,2691
1,TDM,703,2700
1,TDM,705,2703
1,TDM,706,2694
1,TDM,707,2695
1,TDM,708,2698
1,TDM,709,2692
1,TDM,715,2189
1,TDM,716,2176
1,TDM,717,2189
1,TDM,718,2205
1,TDM,719,2267
1,TDM,720,2323
1,TDM,721,2331
1,TDM,722,2387
1,TDM,723,2432
1,TDM,724,2431
1,TDM,725,2479
1,TDM,726,2495
1,TDM,727,2468
1,TDM,728,2484
1,TDM,729,2521
1,TDM,730,2545
1,TDM,731,2583
1,TDM,732,2588
1,TDM,733,2626
1,TDM,734,2655
1,TDM,735,2686
1,TDM,736,2688
1,TDM,738,2705
1,TDM,739,2682
1,TDM,740,2668
1,TDM,741,2687
1,TDM,742,2686
1,TDM,743,2700
1,TDM,744,2679
1,TDM,745,2705
1,TDM,746,2703
1,TDM,747,2699
1,TDM,748,2685
1,TDM,749,2704
1,TDM,750,2695
1,TDM,752,2692
1,TDM,753,2698
1,TDM,754,2700
1,TDM,755,2705
1,TDM,756,2704
1,TDM,757,2701
1,TDM,758,2682
1,TDM,760,2680
1,TDM,762,2705
1,TDM,763,2707
1,TDM,764,2706
1,TDM,765,2702
1,TDM,766,2699
1,TDM,767,2696
1,TDM,768,2703
1,TDM,769,2698
1,TDM,770,2683
1,TDM,771,2702
1,TDM,772,2706
1,TDM,773,2676
1,TDM,774,2703
1,TDM,775,2697
1,TDM,776,2699
1,TDM,777,2704
1,TDM,779,2704
1,TDM,781,2691
1,TDM,782,2701
1,TDM,783,2703
1,TDM,784,2706
1,TDM,785,2700
1,TDM,786,2705
1,TDM,787,2705
1,TDM,789,2705
1,TDM,790,2704
1,TDM,792,2705
1,TDM,793,2686
1,TDM,794,2693
1,TDM,795,2704
1,TDM,796,2692
1,TDM,797,2683
1,TDM,798,2702
1,TDM,800,2702
1,TDM,801,2706
1,TDM,802,2690
1,TDM,803,2706
1,TDM,804,2691
1,TDM,805,2702
1,TDM,806,2699
1,TDM,807,2682
1,TDM,809,2704
1,TDM,810,2706
1,TDM,811,2697
1,TDM,812,2701
1,TDM,813,2694
1,TDM,815,2700
1,TDM,816,2694
1,TDM,817,2701
1,TDM,819,2704
1,TDM,820,2697
1,TDM,822,2694
1,TDM,823,2703
1,TDM,825,2700
1,TDM,826,2700
1,TDM,827,2708
1,TDM,828,2690
1,TDM,830,2703
1,TDM,831,2709
1,TDM,832,2704
1,TDM,833,2701
1,TDM,834,2695
1,TDM,835,2673
1,TDM,836,2703
1,TDM,837,2699
1,TDM,838,2689
1,TDM,839,2685
1,TDM,840,2695
1,TDM,841,2697
1,TDM,842,2705
1,TDM,844,2702
1,TDM,845,2704
1,TDM,846,2696
1,TDM,847,2671
1,TDM,848,2703
1,TDM,849,2699
1,TDM,850,2693
1,TDM,851,2704
1,TDM,852,2703
1,TDM,853,2702
1,TDM,854,2685
1,TDM,855,2685
1,TDM,856,2698
1,TDM,857,2684
1,TDM,858,2681
1,TDM,859,2691
1,TDM,860,2704
1,TDM,861,2700
1,TDM,862,2700
1,TDM,863,2689
1,TDM,865,2688
1,TDM,866,2696
1,TDM,867,2697
1,TDM,868,2705
1,TDM,869,2701
1,TDM,870,2703
1,TDM,871,2702
1,TDM,872,2705
1,TDM,873,2701
1,TDM,874,2703
1,TDM,875,2698
1,TDM,876,2702
1,TDM,877,2698
1,TDM,878,2685
1,TDM,879,2695
1,TDM,880,2699
1,TDM,881,2704
1,TDM,882,2691
1,TDM,883,2699
1,TDM,884,2698
1,TDM,885,2697
1,TDM,887,2685
1,TDM,888,2681
1,TDM,889,2697
1,TDM,890,2697
1,TDM,891,2694
1,TDM,893,2701
1,TDM,894,2706
1,TDM,895,2642
1,TDM,896,2650
1,TDM,899,2688
1,TDM,900,2696
1,TDM,901,2696
1,TDM,902,2705
1,TDM,903,2693
1,TDM,904,2691
1,TDM,905,2707
1,TDM,906,2704
1,TDM,908,2702
1,TDM,909,2707
1,TDM,910,2690
1,TDM,911,2699
1,TDM,912,2703
1,TDM,913,2697
1,TDM,914,2696
1,TDM,917,2703
1,TDM,918,2702
1,TDM,919,2688
1,TDM,920,2679
1,TDM,922,2695
1,TDM,924,2700
1,TDM,925,2697
1,TDM,926,2699
1,TDM,927,2696
1,TDM,928,2703
1,TDM,929,2679
1,TDM,930,2697
1,TDM,932,2700
1,TDM,933,2707
1,TDM,934,2704
1,TDM,935,2703
1,TDM,936,2705
1,TDM,937,2686
1,TDM,938,2697
1,TDM,940,2700
1,TDM,941,2697
1,TDM,942,2698
1,TDM,943,2695
1,TDM,944,2700
1,TDM,946,2680
1,TDM,948,2700
1,TDM,949,2696
1,TDM,950,2701
1,TDM,951,2695
1,TDM,952,3227
1,TDM,956,2703
1,TDM,957,2704
1,TDM,959,2700
1,TDM,960,2694
1,TDM,961,2705
1,TDM,962,2680
1,TDM,963,2702
1,TDM,964,2704
1,TDM,965,2676
1,TDM,966,2696
1,TDM,967,2698
1,TDM,968,2689
1,TDM,969,2691
1,TDM,970,2698
1,TDM,971,2687
1,TDM,972,2697
1,TDM,973,2674
1,TDM,974,2685
1,TDM,975,2700
1,TDM,976,2700
1,TDM,977,2685
1,TDM,978,2679
1,TDM,979,2697
1,TDM,980,2702
1,TDM,981,2702
1,TDM,983,2694
1,TDM,984,2699
1,TDM,985,2704
1,TDM,986,2698
1,TDM,988,2701
1,TDM,989,2693
1,TDM,990,2689
1,TDM,991,2680
1,TDM,992,2704
1,TDM,993,2698
1,TDM,994,2706
1,TDM,995,2696
1,TDM,996,2694
1,TDM,997,2671
1,TDM,998,2695
1,TDM,999,2673
1,TDM,1000,2694
2,TDM,1,331
2,TDM,2,372
2,TDM,3,403
2,TDM,4,444
2,TDM,5,447
2,TDM,6,470
2,TDM,7,494
2,TDM,8,532
2,TDM,9,577
2,TDM,10,642
2,TDM,11,654
2,TDM,12,686
2,TDM,13,743
2,TDM,14,740
2,TDM,15,734
2,TDM,16,765
2,TDM,17,779
2,TDM,18,803
2,TDM,19,819
2,TDM,20,854
2,TDM,21,900
2,TDM,22,920
2,TDM,23,954
2,TDM,24,970
2,TDM,25,983
2,TDM,26,1037
2,TDM,27,1088
2,TDM,28,1126
2,TDM,29,1174
2,TDM,30,1204
2,TDM,31,1238
2,TDM,32,1265
2,TDM,33,1308
2,TDM,34,1395
2,TDM,35,1445
2,TDM,36,1478
2,TDM,37,1513
2,TDM,38,1498
2,TDM,39,1538
2,TDM,40,1584
2,TDM,41,1623
2,TDM,42,1642
2,TDM,43,1669
2,TDM,44,1660
2,TDM,45,1679
2,TDM,46,1668
2,TDM,47,1716
2,TDM,48,1732
2,TDM,49,1783
2,TDM,50,1805
2,TDM,51,1872
2,TDM,52,1899
2,TDM,53,1939
2,TDM,54,1965
2,TDM,55,2021
2,TDM,56,2049
2,TDM,57,2108
2,TDM,58,2137
2,TDM,59,2193
2,TDM,60,2224
2,TDM,61,2254
2,TDM,62,2262
2,TDM,63,2272
2,TDM,64,2323
2,TDM,65,2303
2,TDM,66,2337
2,TDM,67,2342
2,TDM,68,2382
2,TDM,69,2417
2,TDM,70,2427
2,TDM,71,2434
2,TDM,72,2456
2,TDM,73,2496
2,TDM,74,2506
2,TDM,75,2549
2,TDM,76,2579
2,TDM,77,2567
2,TDM,78,2586
2,TDM,79,2626
2,TDM,80,2639
2,TDM,81,2686
2,TDM,82,2696
2,TDM,83,2676
2,TDM,84,2705
2,TDM,85,2699
2,TDM,86,2701
2,TDM,88,2701
2,TDM,89,2695
2,TDM,90,2703
2,TDM,91,2700
2,TDM,92,2705
2,TDM,93,2704
2,TDM,94,2704
2,TDM,95,2686
2,TDM,97,2698
2,TDM,100,2706
2,TDM,101,2707
2,TDM,102,2704
2,TDM,103,2706
2,TDM,104,2706
2,TDM,105,2700
2,TDM,106,2695
2,TDM,107,2707
2,TDM,108,2699
2,TDM,109,2704
2,TDM,110,2706
2,TDM,111,2706
2,TDM,112,2703
2,TDM,113,2702
2,TDM,114,2698
2,TDM,115,2703
2,TDM,116,2695
2,TDM,117,2690
2,TDM,118,2694
2,TDM,119,2653
2,TDM,120,2704
2,TDM,121,2701
2,TDM,122,2703
2,TDM,123,2700
2,TDM,125,2692
2,TDM,127,2706
2,TDM,128,2687
2,TDM,129,2695
2,TDM,130,2689
2,TDM,133,2708
2,TDM,134,2705
2,TDM,135,2700
2,TDM,136,2696
2,TDM,137,2698
2,TDM,138,2708
2,TDM,139,2702
2,TDM,140,2698
2,TDM,141,2698
2,TDM,143,2704
2,TDM,144,2698
2,TDM,147,2704
2,TDM,148,2707
2,TDM,149,2679
2,TDM,151,2701
2,TDM,152,2677
2,TDM,153,2676
2,TDM,154,2668
2,TDM,155,2692
2,TDM,157,2677
2,TDM,158,2657
2,TDM,159,2662
2,TDM,160,2675
2,TDM,161,2680
2,TDM,162,2706
2,TDM,163,2700
2,TDM,164,2698
2,TDM,166,2704
2,TDM,167,2695
2,TDM,168,2699
2,TDM,169,2704
2,TDM,170,2702
2,TDM,171,2693
2,TDM,172,2705
2,TDM,173,2704
2,TDM,174,2685
2,TDM,175,2704
2,TDM,176,2698
2,TDM,177,2698
2,TDM,178,2692
2,TDM,180,2701
2,TDM,181,2692
2,TDM,182,2691
2,TDM,183,2702
2,TDM,184,2699
2,TDM,185,2695
2,TDM,186,2700
2,TDM,187,2700
2,TDM,188,2693
2,TDM,189,2696
2,TDM,190,2698
2,TDM,191,2693
2,TDM,192,2703
2,TDM,193,2703
2,TDM,194,2698
2,TDM,195,2680
2,TDM,196,2679
2,TDM,197,2689
2,TDM,198,2694
2,TDM,199,2693
2,TDM,200,2698
2,TDM,201,2689
2,TDM,202,2694
2,TDM,203,2704
2,TDM,205,2701
2,TDM,206,2700
2,TDM,207,2705
2,TDM,208,2702
2,TDM,210,2685
2,TDM,212,2697
2,TDM,213,2702
2,TDM,214,2702
2,TDM,215,2698
2,TDM,216,2703
2,TDM,217,2697
2,TDM,218,2690
2,TDM,219,2706
2,TDM,220,2702
2,TDM,221,2702
2,TDM,222,2696
2,TDM,223,2697
2,TDM,224,2692
2,TDM,226,2694
2,TDM,227,2702
2,TDM,228,2704
2,TDM,229,2683
2,TDM,230,2655
2,TDM,231,2690
2,TDM,232,2700
2,TDM,233,2705
2,TDM,234,2700
2,TDM,235,2688
2,TDM,236,2701
2,TDM,237,2695
2,TDM,238,2700
2,TDM,239,2685
2,TDM,241,2694
2,TDM,243,2697
2,TDM,244,2696
2,TDM,245,2699
2,TDM,246,2671
2,TDM,247,2681
2,TDM,249,2685
2,TDM,250,2698
2,TDM,251,2692
2,TDM,252,2705
2,TDM,253,2693
2,TDM,254,2704
2,TDM,255,2700
2,TDM,256,2703
2,TDM,257,2699
2,TDM,258,2698
2,TDM,259,2703
2,TDM,260,2694
2,TDM,261,2705
2,TDM,262,2698
2,TDM,263,2700
2,TDM,264,2701
2,TDM,265,2695
2,TDM,267,2686
2,TDM,268,2696
2,TDM,269,2697
2,TDM,270,2697
2,TDM,271,2691
2,TDM,272,2693
2,TDM,273,2701
2,TDM,274,2693
2,TDM,276,2691
2,TDM,277,2696
2,TDM,278,2676
2,TDM,279,2689
2,TDM,280,2701
2,TDM,281,2689
2,TDM,282,2691
2,TDM,284,2696
2,TDM,285,2702
2,TDM,286,2701
2,TDM,287,2704
2,TDM,288,2684
2,TDM,290,2689
2,TDM,291,2696
2,TDM,292,2698
2,TDM,293,2706
2,TDM,294,2678
2,TDM,295,2667
2,TDM,296,2696
2,TDM,297,2703
2,TDM,298,2705
2,TDM,299,2691
2,TDM,300,2691
2,TDM,301,2704
2,TDM,302,2695
2,TDM,303,2697
2,TDM,304,2694
2,TDM,305,2695
2,TDM,306,2692
2,TDM,307,2691
2,TDM,308,2680
2,TDM,309,2677
2,TDM,310,2702
2,TDM,311,2701
2,TDM,312,2700
2,TDM,313,2697
2,TDM,314,2690
2,TDM,315,2669
2,TDM,316,2682
2,TDM,319,2696
2,TDM,320,2694
2,TDM,321,2701
2,TDM,322,2698
2,TDM,323,2700
2,TDM,324,2703
2,TDM,325,2689
2,TDM,326,2705
2,TDM,327,2689
2,TDM,328,2702
2,TDM,329,2704
2,TDM,330,2694
2,TDM,331,2696
2,TDM,332,2704
2,TDM,333,2702
2,TDM,334,2686
2,TDM,335,2700
2,TDM,336,2694
2,TDM,337,2702
2,TDM,338,2666
2,TDM,339,2701
2,TDM,340,2699
2,TDM,341,2704
2,TDM,344,2702
2,TDM,345,2705
2,TDM,346,2693
2,TDM,347,2706
2,TDM,348,2705
2,TDM,349,2696
2,TDM,350,2705
2,TDM,351,2702
2,TDM,352,2699
2,TDM,353,2698
2,TDM,354,2689
2,TDM,355,2692
2,TDM,356,2675
2,TDM,357,2704
2,TDM,358,2696
2,TDM,359,2695
2,TDM,360,2688
2,TDM,361,2695
2,TDM,364,2706
2,TDM,365,2695
2,TDM,366,2703
2,TDM,367,2702
2,TDM,368,2704
2,TDM,369,2695
2,TDM,370,2695
2,TDM,371,2703
2,TDM,372,2699
2,TDM,373,2704
2,TDM,374,2692
2,TDM,375,2687
2,TDM,376,2702
2,TDM,378,2699
2,TDM,379,2696
2,TDM,380,2677
2,TDM,381,2692
2,TDM,382,2702
2,TDM,383,2701
2,TDM,385,2704
2,TDM,386,2704
2,TDM,387,2706
2,TDM,388,2689
2,TDM,389,2691
2,TDM,390,2663
2,TDM,391,2666
2,TDM,392,2663
2,TDM,393,2684
2,TDM,394,2698
2,TDM,395,2700
2,TDM,396,2688
2,TDM,397,2696
2,TDM,398,2690
2,TDM,399,2703
2,TDM,400,2696
2,TDM,401,2704
2,TDM,403,2696
2,TDM,404,2698
2,TDM,405,2694
2,TDM,406,2689
2,TDM,407,2704
2,TDM,408,2695
2,TDM,409,2703
2,TDM,410,2705
2,TDM,411,2694
2,TDM,414,2705
2,TDM,415,2705
2,TDM,416,2693
2,TDM,417,2703
2,TDM,418,2694
2,TDM,419,2659
2,TDM,420,2694
2,TDM,422,2688
2,TDM,423,2707
2,TDM,424,2698
2,TDM,425,2660
2,TDM,426,2688
2,TDM,427,2697
2,TDM,428,2696
2,TDM,429,2704
2,TDM,430,2704
2,TDM,432,2703
2,TDM,433,2700
2,TDM,434,2705
2,TDM,435,2692
2,TDM,436,2694
2,TDM,437,2691
2,TDM,438,2677
2,TDM,440,2687
2,TDM,441,2687
2,TDM,442,2691
2,TDM,443,2688
2,TDM,444,2703
2,TDM,445,2705
2,TDM,446,2697
2,TDM,447,2697
2,TDM,448,2701
2,TDM,449,2691
2,TDM,450,2701
2,TDM,451,2705
2,TDM,452,2704
2,TDM,454,2691
2,TDM,455,2691
2,TDM,456,2704
2,TDM,457,2697
2,TDM,458,2697
2,TDM,459,2674
2,TDM,460,2687
2,TDM,461,2703
2,TDM,462,2703
2,TDM,463,2689
2,TDM,464,2696
2,TDM,466,2703
2,TDM,467,2702
2,TDM,469,2670
2,TDM,470,2685
2,TDM,471,2686
2,TDM,472,2694
2,TDM,473,2696
2,TDM,474,2704
2,TDM,475,2681
2,TDM,476,2700
2,TDM,477,2695
2,TDM,478,2689
2,TDM,479,2699
2,TDM,481,2677
2,TDM,482,2691
2,TDM,483,2698
2,TDM,484,2698
2,TDM,486,2701
2,TDM,487,2692
2,TDM,488,2661
2,TDM,489,2653
2,TDM,490,2655
2,TDM,491,2678
2,TDM,492,2675
2,TDM,493,2683
2,TDM,494,2684
2,TDM,495,2688
2,TDM,496,2671
2,TDM,497,2684
2,TDM,498,2670
2,TDM,499,2675
2,TDM,500,2683
2,TDM,501,2690
2,TDM,503,2696
2,TDM,504,2700
2,TDM,505,2700
2,TDM,506,2699
2,TDM,507,2699
2,TDM,509,2693
2,TDM,510,2703
2,TDM,511,2705
2,TDM,512,2702
2,TDM,513,2699
2,TDM,515,2694
2,TDM,516,2704
2,TDM,517,2706
2,TDM,519,2694
2,TDM,520,2706
2,TDM,521,2698
2,TDM,523,2707
2,TDM,524,2697
2,TDM,525,2704
2,TDM,527,2707
2,TDM,528,2696
2,TDM,529,2705
2,TDM,530,2704
2,TDM,531,2703
2,TDM,532,2703
2,TDM,534,2697
2,TDM,535,2680
2,TDM,536,2683
2,TDM,537,2696
2,TDM,538,2694
2,TDM,539,2699
2,TDM,540,2680
2,TDM,541,2695
2,TDM,542,2689
2,TDM,543,2694
2,TDM,544,2697
2,TDM,545,2677
2,TDM,546,2693
2,TDM,547,2681
2,TDM,548,2672
2,TDM,549,2697
2,TDM,550,2682
2,TDM,551,2693
2,TDM,552,2704
2,TDM,553,2692
2,TDM,555,2691
2,TDM,556,2704
2,TDM,557,2654
2,TDM,558,2686
2,TDM,559,2689
2,TDM,560,2700
2,TDM,561,2691
2,TDM,562,2704
2,TDM,563,2698
2,TDM,564,2704
2,TDM,566,2706
2,TDM,567,2703
2,TDM,568,2704
2,TDM,569,2701
2,TDM,570,2698
2,TDM,571,2705
2,TDM,572,2699
2,TDM,573,2698
2,TDM,574,2704
2,TDM,575,2700
2,TDM,576,2700
2,TDM,577,2694
2,TDM,578,2701
2,TDM,579,2686
2,TDM,580,2702
2,TDM,581,2699
2,TDM,582,2698
2,TDM,583,2704
2,TDM,584,2694
2,TDM,585,2691
2,TDM,586,2701
2,TDM,587,2686
2,TDM,588,2700
2,TDM,589,2703
2,TDM,590,2689
2,TDM,591,2702
2,TDM,593,2703
2,TDM,594,2698
2,TDM,596,2690
2,TDM,597,2703
2,TDM,599,2704
2,TDM,600,2706
2,TDM,601,2686
2,TDM,602,2686
2,TDM,603,2707
2,TDM,604,2707
2,TDM,605,2707
2,TDM,606,2703
2,TDM,607,2695
2,TDM,608,2700
2,TDM,609,2700
2,TDM,610,2702
2,TDM,611,2704
2,TDM,612,2690
2,TDM,613,2698
2,TDM,614,2704
2,TDM,615,2703
2,TDM,616,2690
2,TDM,618,2692
2,TDM,619,2705
2,TDM,620,2705
2,TDM,621,2701
2,TDM,622,2679
2,TDM,623,2700
2,TDM,624,2690
2,TDM,625,2694
2,TDM,626,2704
2,TDM,627,2690
2,TDM,628,2695
2,TDM,629,2690
2,TDM,630,2695
2,TDM,631,2677
2,TDM,632,2695
2,TDM,633,2702
2,TDM,634,2691
2,TDM,636,2703
2,TDM,637,2705
2,TDM,638,2699
2,TDM,639,2702
2,TDM,640,2688
2,TDM,641,2691
2,TDM,642,2704
2,TDM,644,2704
2,TDM,645,2698
2,TDM,646,2699
2,TDM,647,2705
2,TDM,648,2699
2,TDM,649,2680
2,TDM,650,2701
2,TDM,651,2701
2,TDM,652,2703
2,TDM,653,2683
2,TDM,654,2704
2,TDM,655,2698
2,TDM,656,2700
2,TDM,657,2698
2,TDM,658,2700
2,TDM,659,2694
2,TDM,660,2699
2,TDM,661,2696
2,TDM,662,2703
2,TDM,663,2697
2,TDM,665,2689
2,TDM,666,2699
2,TDM,667,2697
2,TDM,668,2704
2,TDM,669,2690
2,TDM,670,2703
2,TDM,671,2694
2,TDM,674,2705
2,TDM,675,2699
2,TDM,677,2707
2,TDM,678,2705
2,TDM,679,2707
2,TDM,680,2695
2,TDM,681,2706
2,TDM,682,2707
2,TDM,683,2698
2,TDM,684,2701
2,TDM,685,2692
2,TDM,686,2706
2,TDM,687,2700
2,TDM,688,2685
2,TDM,689,2704
2,TDM,690,2672
2,TDM,691,2690
2,TDM,692,2682
2,TDM,693,2678
2,TDM,694,2703
2,TDM,695,2702
2,TDM,696,2701
2,TDM,697,2703
2,TDM,698,2699
2,TDM,700,2702
2,TDM,701,2685
2,TDM,702,2699
2,TDM,703,2695
2,TDM,704,2700
2,TDM,705,3219
2,TDM,706,3018
2,TDM,708,2698
2,TDM,709,2694
2,TDM,710,2696
2,TDM,711,2693
2,TDM,712,2703
2,TDM,713,2681
2,TDM,714,2678
2,TDM,715,2697
2,TDM,718,2673
2,TDM,719,2692
2,TDM,720,2696
2,TDM,721,2690
2,TDM,723,2695
2,TDM,724,2700
2,TDM,725,2686
2,TDM,726,2699
2,TDM,727,2696
2,TDM,728,2698
2,TDM,729,2703
2,TDM,730,2703
2,TDM,732,2699
2,TDM,733,2693
2,TDM,734,2706
2,TDM,735,2705
2,TDM,736,2705
2,TDM,737,2705
2,TDM,738,2699
2,TDM,739,2698
2,TDM,740,2703
2,TDM,741,2692
2,TDM,742,2686
2,TDM,743,2702
2,TDM,744,2699
2,TDM,745,2704
2,TDM,746,2698
2,TDM,747,2695
2,TDM,748,2700
2,TDM,749,2701
2,TDM,750,2698
2,TDM,751,2684
2,TDM,752,2697
2,TDM,754,2699
2,TDM,755,2677
2,TDM,756,2695
2,TDM,757,2673
2,TDM,758,2702
2,TDM,759,2705
2,TDM,760,2699
2,TDM,762,2702
2,TDM,763,2695
2,TDM,764,2692
2,TDM,765,2702
2,TDM,766,2701
2,TDM,769,2703
2,TDM,770,2705
2,TDM,771,2694
2,TDM,772,2704
2,TDM,773,2682
2,TDM,774,2706
2,TDM,775,2695
2,TDM,776,2697
2,TDM,777,2702
2,TDM,780,2682
2,TDM,781,2694
2,TDM,782,2695
2,TDM,784,2702
2,TDM,785,2698
2,TDM,786,2700
2,TDM,787,2705
2,TDM,788,2705
2,TDM,789,2702
2,TDM,790,2690
2,TDM,791,2679
2,TDM,792,2696
2,TDM,793,2692
2,TDM,794,2692
2,TDM,795,2689
2,TDM,796,2702
2,TDM,797,2684
2,TDM,798,2662
2,TDM,799,2686
2,TDM,800,2683
2,TDM,801,2699
2,TDM,802,2693
2,TDM,803,2677
2,TDM,804,2694
2,TDM,805,2688
2,TDM,806,2698
2,TDM,807,2697
2,TDM,808,2689
2,TDM,809,2681
2,TDM,810,2696
2,TDM,811,2691
2,TDM,812,2696
2,TDM,813,2699
2,TDM,814,2702
2,TDM,815,2698
2,TDM,816,2682
2,TDM,817,2695
2,TDM,818,2703
2,TDM,819,2698
2,TDM,820,2702
2,TDM,821,2690
2,TDM,822,2703
2,TDM,823,2695
2,TDM,824,2703
2,TDM,826,2703
2,TDM,828,2674
2,TDM,830,2697
2,TDM,831,2697
2,TDM,832,2707
2,TDM,833,2691
2,TDM,834,2700
2,TDM,835,2694
2,TDM,836,2699
2,TDM,837,2707
2,TDM,838,2689
2,TDM,839,2698
2,TDM,840,2700
2,TDM,841,2694
2,TDM,842,2685
2,TDM,843,2682
2,TDM,844,2690
2,TDM,845,2699
2,TDM,846,2685
2,TDM,847,2704
2,TDM,848,2696
2,TDM,849,2704
2,TDM,850,2698
2,TDM,851,2699
2,TDM,852,2686
2,TDM,853,2691
2,TDM,855,2705
2,TDM,856,2702
2,TDM,857,2700
2,TDM,858,2693
2,TDM,859,2684
2,TDM,860,2692
2,TDM,861,2702
2,TDM,862,2688
2,TDM,863,2696
2,TDM,864,2704
2,TDM,865,2695
2,TDM,867,2693
2,TDM,868,2642
2,TDM,869,2652
2,TDM,870,2679
2,TDM,871,2705
2,TDM,872,2701
2,TDM,873,2699
2,TDM,874,2699
2,TDM,875,2703
2,TDM,877,2690
2,TDM,880,2683
2,TDM,881,2680
2,TDM,882,2690
2,TDM,883,2687
2,TDM,884,2695
2,TDM,885,2701
2,TDM,886,2695
2,TDM,887,2698
2,TDM,888,2700
2,TDM,889,2700
2,TDM,891,2699
2,TDM,892,2695
2,TDM,893,2691
2,TDM,896,2700
2,TDM,897,2702
2,TDM,898,2690
2,TDM,899,2682
2,TDM,900,2703
2,TDM,901,2703
2,TDM,902,2699
2,TDM,903,2698
2,TDM,904,2706
2,TDM,905,2702
2,TDM,906,2702
2,TDM,907,2704
2,TDM,910,2706
2,TDM,911,2706
2,TDM,913,2705
2,TDM,914,2682
2,TDM,915,2707
2,TDM,916,2707
2,TDM,917,2689
2,TDM,919,2697
2,TDM,920,2693
2,TDM,921,2696
2,TDM,922,2704
2,TDM,923,2703
2,TDM,924,2705
2,TDM,925,2689
2,TDM,926,2696
2,TDM,927,2698
2,TDM,928,2698
2,TDM,929,2689
2,TDM,930,2686
2,TDM,931,2685
2,TDM,932,2697
2,TDM,933,2699
2,TDM,934,2685
2,TDM,935,2692
2,TDM,937,2695
2,TDM,938,2703
2,TDM,939,2702
2,TDM,940,2690
2,TDM,941,2704
2,TDM,942,2698
2,TDM,943,2705
2,TDM,944,2705
2,TDM,945,2704
2,TDM,946,2697
2,TDM,947,2691
2,TDM,948,2682
2,TDM,949,2669
2,TDM,950,2682
2,TDM,951,2703
2,TDM,954,2693
2,TDM,955,2701
2,TDM,958,2701
2,TDM,959,2668
2,TDM,960,2675
2,TDM,961,2672
2,TDM,963,2710
2,TDM,966,2688
2,TDM,967,2685
2,TDM,968,2698
2,TDM,969,2703
2,TDM,970,2703
2,TDM,971,2707
2,TDM,972,2704
2,TDM,973,2706
2,TDM,974,2689
2,TDM,975,2706
2,TDM,976,2701
2,TDM,977,2703
2,TDM,978,2703
2,TDM,979,2696
2,TDM,980,2699
2,TDM,981,2689
2,TDM,982,2702
2,TDM,983,2696
2,TDM,984,2701
2,TDM,985,2701
2,TDM,986,2703
2,TDM,988,2703
2,TDM,989,2700
2,TDM,990,2696
2,TDM,992,2697
2,TDM,993,2702
2,TDM,995,2707
2,TDM,996,2701
2,TDM,997,2704
2,TDM,998,2695
2,TDM,999,2699
2,TDM,1000,2691
