1,SM,1,177
1,SM,2,189
1,SM,3,189
1,SM,4,147
1,SM,5,148
1,SM,6,101
1,SM,7,148
1,SM,8,164
1,SM,9,200
1,SM,10,181
1,SM,11,223
1,SM,12,195
1,SM,13,182
1,SM,14,186
1,SM,15,165
1,SM,16,137
1,SM,17,224
1,SM,18,257
1,SM,19,261
1,SM,20,229
1,SM,21,202
1,SM,22,183
1,SM,23,186
1,SM,24,170
1,SM,25,172
1,SM,26,145
1,SM,27,142
1,SM,28,140
1,SM,29,117
1,SM,30,86.2
1,SM,31,107
1,SM,32,111
1,SM,33,132
1,SM,34,127
1,SM,35,134
1,SM,36,88.1
1,SM,37,89.8
1,SM,38,101
1,SM,39,99.2
1,SM,40,19.2
1,SM,41,42.4
1,SM,42,35.1
1,SM,43,106
1,SM,44,83.0
1,SM,45,94.5
1,SM,46,97.9
1,SM,47,69.5
1,SM,48,58.1
1,SM,49,11.7
1,SM,50,21.2
1,SM,51,69.2
1,SM,52,133
1,SM,53,128
1,SM,54,136
1,SM,55,95.5
1,SM,56,123
1,SM,57,105
1,SM,58,142
1,SM,59,172
1,SM,60,174
1,SM,61,200
1,SM,62,214
1,SM,63,297
1,SM,64,290
1,SM,65,303
1,SM,66,250
1,SM,67,271
1,SM,68,271
1,SM,69,265
1,SM,70,277
1,SM,71,267
1,SM,72,296
1,SM,73,304
1,SM,74,235
1,SM,75,236
1,SM,76,250
1,SM,77,284
1,SM,78,266
1,SM,79,295
1,SM,80,283
1,SM,81,334
1,SM,82,316
1,SM,83,324
1,SM,84,304
1,SM,85,315
1,SM,86,317
1,SM,87,325
1,SM,88,311
1,SM,89,346
1,SM,90,386
1,SM,91,385
1,SM,92,391
1,SM,93,357
1,SM,94,363
1,SM,95,385
1,SM,96,358
1,SM,97,353
1,SM,98,403
1,SM,99,406
1,SM,100,429
1,SM,101,410
1,SM,102,450
1,SM,103,419
1,SM,104,425
1,SM,105,446
1,SM,106,482
1,SM,107,523
1,SM,108,544
1,SM,109,589
1,SM,110,582
1,SM,111,618
1,SM,112,621
1,SM,113,662
1,SM,114,661
1,SM,115,672
1,SM,116,645
1,SM,117,652
1,SM,118,669
1,SM,119,624
1,SM,120,593
1,SM,121,650
1,SM,122,706
1,SM,123,711
1,SM,124,777
1,SM,125,759
1,SM,126,762
1,SM,127,768
1,SM,128,806
1,SM,129,803
1,SM,130,813
1,SM,131,781
1,SM,132,751
1,SM,133,778
1,SM,134,825
1,SM,135,796
1,SM,136,814
1,SM,137,812
1,SM,138,818
1,SM,139,775
1,SM,140,809
1,SM,141,836
1,SM,142,864
1,SM,143,849
1,SM,144,872
1,SM,145,930
1,SM,146,934
1,SM,147,958
1,SM,148,975
1,SM,149,1022
1,SM,150,1042
1,SM,151,1039
1,SM,152,1061
1,SM,153,1087
1,SM,154,1093
1,SM,155,1044
1,SM,156,1046
1,SM,157,1069
1,SM,158,1078
1,SM,159,1102
1,SM,160,1120
1,SM,161,1153
1,SM,162,1185
1,SM,163,1190
1,SM,164,1189
1,SM,165,1153
1,SM,166,1165
1,SM,167,1273
1,SM,168,1284
1,SM,169,1264
1,SM,170,1309
1,SM,171,1344
1,SM,172,1302
1,SM,173,1263
1,SM,174,1211
1,SM,175,1227
1,SM,176,1248
1,SM,177,1309
1,SM,178,1318
1,SM,179,1350
1,SM,180,1347
1,SM,181,1353
1,SM,182,1352
1,SM,183,1363
1,SM,184,1359
1,SM,185,1392
1,SM,186,1364
1,SM,187,1399
1,SM,188,1402
1,SM,189,1420
1,SM,190,1455
1,SM,191,1485
1,SM,192,1482
1,SM,193,1498
1,SM,194,1521
1,SM,195,1508
1,SM,196,1533
1,SM,197,1529
1,SM,198,1542
1,SM,199,1547
1,SM,200,1512
1,SM,201,1532
1,SM,202,1511
1,SM,203,1515
1,SM,204,1502
1,SM,205,1437
1,SM,206,1470
1,SM,207,1451
1,SM,208,1464
1,SM,209,1487
1,SM,210,1469
1,SM,211,1482
1,SM,212,1530
1,SM,213,1548
1,SM,214,1544
1,SM,215,1574
1,SM,216,1549
1,SM,217,1536
1,SM,218,1560
1,SM,219,1573
1,SM,220,1667
1,SM,221,1703
1,SM,222,1731
1,SM,223,1731
1,SM,224,1750
1,SM,225,1703
1,SM,226,1678
1,SM,227,1706
1,SM,228,1692
1,SM,229,1656
1,SM,230,1712
1,SM,231,1733
1,SM,232,1729
1,SM,233,1769
1,SM,234,1697
1,SM,235,1675
1,SM,236,1684
1,SM,237,1665
1,SM,238,1635
1,SM,239,1615
1,SM,240,1619
1,SM,241,1628
1,SM,242,1659
1,SM,243,1604
1,SM,244,1618
1,SM,245,1640
1,SM,246,1671
1,SM,247,1673
1,SM,248,1687
1,SM,249,1691
1,SM,250,1718
1,SM,251,1720
1,SM,252,1710
1,SM,253,1730
1,SM,254,1712
1,SM,255,1706
1,SM,256,1699
1,SM,257,1770
1,SM,258,1793
1,SM,259,1757
1,SM,260,1709
1,SM,261,1697
1,SM,262,1683
1,SM,263,1699
1,SM,264,1694
1,SM,265,1718
1,SM,266,1811
1,SM,267,1796
1,SM,268,1862
1,SM,269,1893
1,SM,270,1907
1,SM,271,1895
1,SM,272,1883
1,SM,273,1910
1,SM,274,1913
1,SM,275,1924
1,SM,276,1929
1,SM,277,1907
1,SM,278,1919
1,SM,279,1947
1,SM,280,1993
1,SM,281,1997
1,SM,282,2001
1,SM,283,2053
1,SM,284,2040
1,SM,285,2053
1,SM,286,2101
1,SM,287,2080
1,SM,288,2111
1,SM,289,2123
1,SM,290,2146
1,SM,291,2146
1,SM,292,2090
1,SM,293,2070
1,SM,294,2059
1,SM,295,2049
1,SM,296,2006
1,SM,297,2038
1,SM,298,2003
1,SM,299,1970
1,SM,300,1968
1,SM,301,1982
1,SM,302,1959
1,SM,303,1963
1,SM,304,1944
1,SM,305,1959
1,SM,306,1987
1,SM,307,2021
1,SM,308,2048
1,SM,309,2062
1,SM,310,2034
1,SM,311,2060
1,SM,312,2039
1,SM,313,2019
1,SM,314,2022
1,SM,315,2016
1,SM,316,1948
1,SM,317,1947
1,SM,318,1964
1,SM,319,1962
1,SM,320,1952
1,SM,321,1939
1,SM,322,1968
1,SM,323,1962
1,SM,324,1960
1,SM,325,1965
1,SM,326,1972
1,SM,327,1978
1,SM,328,1986
1,SM,329,2002
1,SM,330,2008
1,SM,331,1981
1,SM,332,2012
1,SM,333,2031
1,SM,334,2043
1,SM,335,2029
1,SM,336,2056
1,SM,337,2024
1,SM,338,2061
1,SM,339,2090
1,SM,340,2143
1,SM,341,2158
1,SM,342,2163
1,SM,343,2165
1,SM,344,2195
1,SM,345,2189
1,SM,346,2243
1,SM,347,2250
1,SM,348,2278
1,SM,349,2299
1,SM,350,2322
1,SM,351,2347
1,SM,352,2338
1,SM,353,2333
1,SM,354,2307
1,SM,355,2285
1,SM,356,2318
1,SM,357,2342
1,SM,358,2378
1,SM,360,2371
1,SM,361,2366
1,SM,362,2372
1,SM,363,2328
1,SM,364,2332
1,SM,365,2315
1,SM,366,2303
1,SM,367,2311
1,SM,368,2273
1,SM,369,2209
1,SM,370,2236
1,SM,371,2261
1,SM,372,2306
1,SM,373,2324
1,SM,374,2328
1,SM,375,2334
1,SM,376,2318
1,SM,377,2289
1,SM,378,2307
1,SM,379,2288
1,SM,380,2270
1,SM,381,2244
1,SM,382,2280
1,SM,383,2236
1,SM,384,2204
1,SM,385,2165
1,SM,386,2134
1,SM,387,2105
1,SM,388,2094
1,SM,389,2070
1,SM,390,2077
1,SM,391,2125
1,SM,392,2181
1,SM,393,2144
1,SM,394,2157
1,SM,395,2171
1,SM,396,2203
1,SM,397,2179
1,SM,398,2201
1,SM,399,2273
1,SM,400,2305
1,SM,401,2296
1,SM,402,2264
1,SM,403,2231
1,SM,404,2262
1,SM,405,2288
1,SM,406,2264
1,SM,407,2265
1,SM,408,2275
1,SM,409,2276
1,SM,410,2255
1,SM,411,2239
1,SM,412,2240
1,SM,413,2224
1,SM,414,2244
1,SM,415,2255
1,SM,416,2264
1,SM,417,2258
1,SM,418,2249
1,SM,419,2268
1,SM,420,2212
1,SM,421,2198
1,SM,422,2196
1,SM,423,2255
1,SM,424,2203
1,SM,425,2184
1,SM,426,2170
1,SM,427,2203
1,SM,428,2196
1,SM,429,2181
1,SM,430,2204
1,SM,431,2191
1,SM,432,2193
1,SM,433,2239
1,SM,434,2241
1,SM,435,2252
1,SM,436,2256
1,SM,437,2268
1,SM,438,2292
1,SM,439,2289
1,SM,440,2307
1,SM,442,2232
1,SM,443,2270
1,SM,444,2245
1,SM,445,2249
1,SM,446,2284
1,SM,447,2254
1,SM,448,2259
1,SM,449,2280
1,SM,450,2279
1,SM,451,2283
1,SM,452,2280
1,SM,453,2264
1,SM,454,2241
1,SM,455,2305
1,SM,456,2305
1,SM,457,2349
1,SM,458,2370
1,SM,459,2402
1,SM,460,2400
1,SM,461,2343
1,SM,462,2380
1,SM,463,2357
1,SM,464,2349
1,SM,465,2333
1,SM,466,2310
1,SM,467,2316
1,SM,468,2291
1,SM,469,2298
1,SM,470,2253
1,SM,471,2229
1,SM,472,2205
1,SM,473,2216
1,SM,474,2198
1,SM,475,2242
1,SM,476,2259
1,SM,477,2286
1,SM,478,2321
1,SM,479,2341
1,SM,480,2361
1,SM,481,2370
1,SM,482,2379
1,SM,483,2361
1,SM,484,2360
1,SM,485,2371
1,SM,486,2356
1,SM,487,2371
1,SM,489,2325
1,SM,490,2295
1,SM,491,2295
1,SM,492,2288
1,SM,493,2286
1,SM,494,2291
1,SM,495,2274
1,SM,496,2282
1,SM,497,2249
1,SM,498,2237
1,SM,499,2213
1,SM,500,2209
1,SM,501,2189
1,SM,502,2193
1,SM,503,2205
1,SM,504,2195
1,SM,505,2183
1,SM,506,2233
1,SM,507,2217
1,SM,508,2236
1,SM,509,2252
1,SM,510,2253
1,SM,511,2235
1,SM,512,2227
1,SM,513,2201
1,SM,514,2270
1,SM,515,2295
1,SM,516,2282
1,SM,517,2236
1,SM,518,2227
1,SM,519,2216
1,SM,520,2241
1,SM,521,2209
1,SM,522,2203
1,SM,523,2228
1,SM,524,2257
1,SM,525,2248
1,SM,526,2227
1,SM,527,2211
1,SM,528,2251
1,SM,529,2237
1,SM,530,2202
1,SM,531,2186
1,SM,532,2188
1,SM,533,2238
1,SM,534,2201
1,SM,535,2239
1,SM,536,2305
1,SM,537,2319
1,SM,538,2364
1,SM,539,2412
1,SM,540,2454
1,SM,541,2503
1,SM,542,2516
1,SM,543,2520
1,SM,544,2497
1,SM,545,2495
1,SM,546,2445
1,SM,547,2431
1,SM,548,2438
1,SM,549,2419
1,SM,550,2404
1,SM,551,2353
1,SM,553,2316
1,SM,554,2298
1,SM,555,2280
1,SM,556,2263
1,SM,558,2288
1,SM,560,2315
1,SM,561,2245
1,SM,562,2227
1,SM,563,2221
1,SM,564,2238
1,SM,565,2225
1,SM,566,2207
1,SM,567,2247
1,SM,568,2256
1,SM,569,2278
1,SM,571,2257
1,SM,572,2270
1,SM,573,2247
1,SM,574,2254
1,SM,575,2296
1,SM,576,2336
1,SM,577,2330
1,SM,578,2333
1,SM,579,2318
1,SM,580,2361
1,SM,582,2374
1,SM,583,2418
1,SM,584,2431
1,SM,585,2405
1,SM,586,2377
1,SM,587,2371
1,SM,588,2354
1,SM,589,2340
1,SM,590,2336
1,SM,591,2304
1,SM,592,2289
1,SM,593,2299
1,SM,594,2279
1,SM,595,2202
1,SM,597,2151
1,SM,598,2125
1,SM,599,2115
1,SM,600,2143
1,SM,601,2167
1,SM,602,2160
1,SM,603,2155
1,SM,604,2140
1,SM,605,2214
1,SM,606,2201
1,SM,607,2228
1,SM,608,2226
1,SM,609,2275
1,SM,610,2280
1,SM,611,2287
1,SM,612,2243
1,SM,613,2254
1,SM,614,2284
1,SM,615,2257
1,SM,616,2296
1,SM,617,2335
1,SM,618,2406
1,SM,619,2398
1,SM,620,2399
1,SM,621,2369
1,SM,622,2301
1,SM,623,2352
1,SM,624,2363
1,SM,625,2380
1,SM,626,2357
1,SM,627,2379
1,SM,629,2309
1,SM,630,2325
1,SM,631,2339
1,SM,632,2372
1,SM,633,2388
1,SM,634,2375
1,SM,635,2373
1,SM,636,2387
1,SM,638,2421
1,SM,639,2416
1,SM,640,2376
1,SM,641,2374
1,SM,642,2394
1,SM,643,2373
1,SM,644,2365
1,SM,645,2328
1,SM,646,2289
1,SM,647,2287
1,SM,648,2276
1,SM,649,2283
1,SM,650,2318
1,SM,651,2320
1,SM,652,2373
1,SM,653,2454
1,SM,654,2415
1,SM,655,2381
1,SM,656,2385
1,SM,657,2430
1,SM,658,2449
1,SM,659,2450
1,SM,660,2466
1,SM,661,2431
1,SM,662,2425
1,SM,663,2428
1,SM,664,2394
1,SM,666,2338
1,SM,667,2346
1,SM,668,2397
1,SM,669,2417
1,SM,670,2374
1,SM,671,2352
1,SM,672,2335
1,SM,673,2322
1,SM,674,2371
1,SM,675,2377
1,SM,676,2419
1,SM,677,2437
1,SM,678,2393
1,SM,679,2368
1,SM,680,2318
1,SM,681,2299
1,SM,682,2316
1,SM,683,2307
1,SM,684,2338
1,SM,685,2346
1,SM,686,2351
1,SM,687,2360
1,SM,688,2342
1,SM,689,2340
1,SM,690,2353
1,SM,691,2334
1,SM,692,2351
1,SM,693,2331
1,SM,694,2342
1,SM,695,2344
1,SM,696,2331
1,SM,697,2305
1,SM,698,2299
1,SM,699,2287
1,SM,701,2319
1,SM,702,2325
1,SM,703,2305
1,SM,704,2274
1,SM,705,2338
1,SM,706,2325
1,SM,707,2376
1,SM,708,2367
1,SM,709,2362
1,SM,710,2350
1,SM,711,2332
1,SM,713,2323
1,SM,714,2306
1,SM,715,2300
1,SM,716,2274
1,SM,717,2283
1,SM,718,2243
1,SM,720,2231
1,SM,721,2245
1,SM,722,2203
1,SM,723,2212
1,SM,724,2204
1,SM,725,2206
1,SM,726,2181
1,SM,727,2205
1,SM,728,2189
1,SM,729,2176
1,SM,730,2168
1,SM,731,2221
1,SM,732,2269
1,SM,733,2313
1,SM,734,2341
1,SM,735,2344
1,SM,736,2339
1,SM,737,2322
1,SM,738,2301
1,SM,739,2288
1,SM,740,2321
1,SM,741,2322
1,SM,742,2351
1,SM,743,2402
1,SM,744,2424
1,SM,745,2397
1,SM,746,2387
1,SM,747,2376
1,SM,748,2363
1,SM,749,2369
1,SM,750,2356
1,SM,751,2341
1,SM,752,2321
1,SM,753,2323
1,SM,754,2299
1,SM,756,2213
1,SM,757,2200
1,SM,758,2183
1,SM,759,2168
1,SM,760,2146
1,SM,761,2185
1,SM,762,2186
1,SM,763,2201
1,SM,764,2178
1,SM,765,2182
1,SM,766,2195
1,SM,767,2175
1,SM,768,2150
1,SM,769,2132
1,SM,770,2136
1,SM,771,2135
1,SM,772,2095
1,SM,773,2131
1,SM,774,2121
1,SM,775,2128
1,SM,776,2229
1,SM,777,2290
1,SM,778,2272
1,SM,779,2305
1,SM,780,2322
1,SM,781,2348
1,SM,782,2326
1,SM,783,2307
1,SM,784,2304
1,SM,785,2335
1,SM,786,2310
1,SM,787,2295
1,SM,788,2323
1,SM,790,2386
1,SM,791,2356
1,SM,792,2319
1,SM,793,2350
1,SM,794,2360
1,SM,795,2343
1,SM,797,2336
1,SM,798,2382
1,SM,799,2397
1,SM,800,2411
1,SM,801,2408
1,SM,802,2367
1,SM,803,2372
1,SM,804,2346
1,SM,805,2323
1,SM,806,2296
1,SM,807,2322
1,SM,808,2323
1,SM,809,2374
1,SM,810,2291
1,SM,811,2258
1,SM,812,2253
1,SM,813,2270
1,SM,814,2281
1,SM,815,2228
1,SM,816,2209
1,SM,817,2231
1,SM,818,2233
1,SM,819,2178
1,SM,820,2187
1,SM,821,2143
1,SM,822,2114
1,SM,823,2095
1,SM,824,2140
1,SM,825,2123
1,SM,826,2161
1,SM,827,2196
1,SM,828,2214
1,SM,829,2229
1,SM,830,2222
1,SM,831,2307
1,SM,832,2310
1,SM,833,2295
1,SM,834,2348
1,SM,835,2309
1,SM,836,2322
1,SM,837,2287
1,SM,838,2319
1,SM,839,2313
1,SM,840,2316
1,SM,841,2332
1,SM,842,2377
1,SM,843,2364
1,SM,845,2344
1,SM,847,2284
1,SM,848,2264
1,SM,849,2239
1,SM,850,2236
1,SM,851,2243
1,SM,852,2267
1,SM,853,2238
1,SM,854,2274
1,SM,855,2274
1,SM,856,2230
1,SM,857,2230
1,SM,858,2239
1,SM,859,2241
1,SM,860,2286
1,SM,861,2284
1,SM,862,2315
1,SM,863,2332
1,SM,864,2314
1,SM,865,2280
1,SM,866,2280
1,SM,867,2337
1,SM,868,2367
1,SM,869,2324
1,SM,870,2334
1,SM,871,2394
1,SM,872,2367
1,SM,873,2297
1,SM,874,2286
1,SM,875,2301
1,SM,876,2285
1,SM,877,2310
1,SM,878,2278
1,SM,879,2273
1,SM,880,2303
1,SM,881,2312
1,SM,882,2339
1,SM,883,2293
1,SM,884,2295
1,SM,885,2316
1,SM,886,2339
1,SM,887,2313
1,SM,888,2324
1,SM,889,2327
1,SM,890,2352
1,SM,891,2353
1,SM,892,2384
1,SM,893,2362
1,SM,894,2377
1,SM,895,2375
1,SM,896,2396
1,SM,898,2471
1,SM,899,2477
1,SM,900,2467
1,SM,901,2436
1,SM,902,2437
1,SM,903,2462
1,SM,904,2452
1,SM,905,2458
1,SM,906,2446
1,SM,907,2460
1,SM,908,2411
1,SM,909,2371
1,SM,911,2314
1,SM,912,2308
1,SM,913,2294
1,SM,914,2297
1,SM,915,2270
1,SM,916,2269
1,SM,917,2214
1,SM,918,2217
1,SM,919,2198
1,SM,920,2191
1,SM,921,2185
1,SM,922,2223
1,SM,923,2249
1,SM,924,2253
1,SM,925,2243
1,SM,926,2196
1,SM,927,2222
1,SM,928,2159
1,SM,929,2172
1,SM,930,2159
1,SM,931,2141
1,SM,932,2128
1,SM,933,2123
1,SM,934,2160
1,SM,935,2204
1,SM,936,2214
1,SM,937,2192
1,SM,938,2195
1,SM,939,2226
1,SM,940,2203
1,SM,941,2201
1,SM,942,2202
1,SM,943,2184
1,SM,944,2155
1,SM,945,2177
1,SM,946,2183
1,SM,947,2185
1,SM,948,2231
1,SM,949,2229
1,SM,950,2194
1,SM,951,2221
1,SM,952,2202
1,SM,953,2201
1,SM,954,2196
1,SM,955,2189
1,SM,956,2192
1,SM,957,2186
1,SM,958,2172
1,SM,959,2137
1,SM,960,2144
1,SM,961,2175
1,SM,962,2140
1,SM,963,2135
1,SM,964,2132
1,SM,965,2195
1,SM,966,2240
1,SM,967,2268
1,SM,968,2271
1,SM,969,2301
1,SM,970,2341
1,SM,971,2375
1,SM,972,2364
1,SM,973,2342
1,SM,974,2347
1,SM,975,2340
1,SM,976,2321
1,SM,977,2287
1,SM,978,2273
1,SM,979,2276
1,SM,980,2268
1,SM,981,2269
1,SM,982,2233
1,SM,983,2213
1,SM,984,2224
1,SM,985,2219
1,SM,986,2223
1,SM,987,2224
1,SM,988,2192
1,SM,989,2175
1,SM,990,2198
1,SM,991,2222
1,SM,992,2257
1,SM,993,2240
1,SM,994,2239
1,SM,995,2221
1,SM,996,2220
1,SM,997,2238
1,SM,998,2264
1,SM,999,2231
1,SM,1000,2241
2,SM,1,192
2,SM,2,188
2,SM,3,148
2,SM,4,168
2,SM,5,171
2,SM,6,264
2,SM,7,259
2,SM,8,257
2,SM,9,202
2,SM,10,211
2,SM,11,188
2,SM,12,178
2,SM,13,162
2,SM,14,162
2,SM,15,117
2,SM,16,129
2,SM,17,150
2,SM,18,75.8
2,SM,19,100
2,SM,20,119
2,SM,21,128
2,SM,22,149
2,SM,23,112
2,SM,24,111
2,SM,25,87.4
2,SM,26,72.5
2,SM,27,108
2,SM,28,77.9
2,SM,29,27.6
2,SM,30,31.1
2,SM,31,62.8
2,SM,32,102
2,SM,33,95.0
2,SM,34,95.3
2,SM,35,97.4
2,SM,36,43.1
2,SM,37,51.7
2,SM,38,21.5
2,SM,39,70.9
2,SM,40,127
2,SM,41,133
2,SM,42,123
2,SM,43,113
2,SM,44,115
2,SM,45,126
2,SM,46,117
2,SM,47,175
2,SM,48,190
2,SM,49,176
2,SM,50,191
2,SM,51,260
2,SM,52,292
2,SM,53,308
2,SM,54,301
2,SM,55,236
2,SM,56,272
2,SM,57,239
2,SM,58,252
2,SM,59,292
2,SM,60,267
2,SM,61,296
2,SM,62,279
2,SM,63,248
2,SM,64,242
2,SM,65,260
2,SM,66,292
2,SM,67,246
2,SM,68,287
2,SM,69,305
2,SM,70,323
2,SM,71,330
2,SM,72,305
2,SM,73,296
2,SM,74,296
2,SM,75,330
2,SM,76,314
2,SM,77,301
2,SM,78,345
2,SM,79,366
2,SM,80,389
2,SM,81,369
2,SM,82,362
2,SM,83,378
2,SM,84,375
2,SM,85,346
2,SM,86,348
2,SM,87,409
2,SM,88,412
2,SM,89,416
2,SM,90,444
2,SM,91,452
2,SM,92,421
2,SM,93,415
2,SM,94,468
2,SM,95,488
2,SM,96,523
2,SM,97,566
2,SM,98,587
2,SM,99,610
2,SM,100,601
2,SM,101,630
2,SM,102,677
2,SM,103,676
2,SM,104,647
2,SM,105,659
2,SM,106,672
2,SM,107,657
2,SM,108,617
2,SM,109,618
2,SM,110,682
2,SM,111,700
2,SM,112,730
2,SM,113,765
2,SM,114,737
2,SM,115,778
2,SM,116,753
2,SM,117,773
2,SM,118,794
2,SM,119,774
2,SM,120,762
2,SM,121,785
2,SM,122,821
2,SM,123,819
2,SM,124,767
2,SM,125,801
2,SM,126,808
2,SM,127,800
2,SM,128,770
2,SM,129,809
2,SM,130,819
2,SM,131,859
2,SM,132,834
2,SM,133,875
2,SM,134,925
2,SM,135,972
2,SM,136,974
2,SM,137,1027
2,SM,138,1034
2,SM,139,1059
2,SM,140,1066
2,SM,141,1033
2,SM,142,1109
2,SM,143,1064
2,SM,144,1057
2,SM,145,1070
2,SM,146,1070
2,SM,147,1095
2,SM,148,1120
2,SM,149,1135
2,SM,150,1183
2,SM,151,1193
2,SM,152,1170
2,SM,153,1184
2,SM,154,1149
2,SM,155,1206
2,SM,156,1268
2,SM,157,1291
2,SM,158,1282
2,SM,159,1330
2,SM,160,1338
2,SM,161,1290
2,SM,162,1252
2,SM,163,1207
2,SM,164,1208
2,SM,165,1272
2,SM,166,1289
2,SM,167,1317
2,SM,168,1328
2,SM,169,1360
2,SM,170,1370
2,SM,171,1342
2,SM,172,1377
2,SM,173,1364
2,SM,174,1390
2,SM,175,1368
2,SM,176,1398
2,SM,177,1392
2,SM,178,1434
2,SM,179,1451
2,SM,180,1489
2,SM,181,1506
2,SM,182,1492
2,SM,183,1510
2,SM,184,1504
2,SM,185,1513
2,SM,186,1535
2,SM,187,1547
2,SM,188,1524
2,SM,189,1522
2,SM,190,1539
2,SM,191,1501
2,SM,192,1492
2,SM,193,1470
2,SM,194,1438
2,SM,195,1443
2,SM,196,1465
2,SM,197,1480
2,SM,198,1463
2,SM,199,1475
2,SM,200,1499
2,SM,201,1534
2,SM,202,1554
2,SM,203,1544
2,SM,204,1580
2,SM,205,1553
2,SM,206,1526
2,SM,207,1549
2,SM,208,1609
2,SM,209,1658
2,SM,210,1721
2,SM,211,1722
2,SM,212,1736
2,SM,213,1732
2,SM,214,1705
2,SM,215,1683
2,SM,216,1722
2,SM,217,1698
2,SM,218,1689
2,SM,219,1718
2,SM,220,1737
2,SM,221,1744
2,SM,222,1745
2,SM,223,1702
2,SM,224,1676
2,SM,225,1690
2,SM,226,1655
2,SM,227,1634
2,SM,228,1609
2,SM,229,1617
2,SM,230,1650
2,SM,231,1624
2,SM,232,1599
2,SM,233,1593
2,SM,234,1642
2,SM,235,1662
2,SM,236,1669
2,SM,237,1686
2,SM,238,1704
2,SM,239,1726
2,SM,240,1711
2,SM,241,1722
2,SM,242,1726
2,SM,243,1725
2,SM,244,1690
2,SM,245,1745
2,SM,246,1774
2,SM,247,1763
2,SM,248,1744
2,SM,249,1709
2,SM,250,1704
2,SM,251,1675
2,SM,252,1698
2,SM,253,1708
2,SM,254,1769
2,SM,255,1829
2,SM,256,1828
2,SM,257,1866
2,SM,258,1927
2,SM,259,1883
2,SM,260,1877
2,SM,261,1937
2,SM,262,1917
2,SM,263,1903
2,SM,264,1948
2,SM,265,1901
2,SM,266,1903
2,SM,267,1936
2,SM,268,1980
2,SM,269,1968
2,SM,270,2006
2,SM,271,2036
2,SM,272,2060
2,SM,273,2048
2,SM,274,2079
2,SM,275,2083
2,SM,276,2083
2,SM,277,2103
2,SM,278,2135
2,SM,279,2146
2,SM,280,2117
2,SM,281,2077
2,SM,282,2065
2,SM,283,2071
2,SM,284,2030
2,SM,285,2010
2,SM,286,2014
2,SM,287,1973
2,SM,288,1962
2,SM,289,1973
2,SM,290,1968
2,SM,291,1961
2,SM,292,1937
2,SM,293,1967
2,SM,294,1963
2,SM,295,1976
2,SM,296,2036
2,SM,297,2069
2,SM,298,2057
2,SM,299,2028
2,SM,300,2046
2,SM,301,2030
2,SM,302,2011
2,SM,303,2023
2,SM,304,1998
2,SM,305,1950
2,SM,306,1967
2,SM,307,1959
2,SM,308,1958
2,SM,309,1945
2,SM,310,1948
2,SM,311,1986
2,SM,312,1978
2,SM,313,1953
2,SM,314,1982
2,SM,315,1966
2,SM,316,1976
2,SM,317,1975
2,SM,318,1982
2,SM,319,2007
2,SM,320,1984
2,SM,321,2013
2,SM,322,2016
2,SM,323,2042
2,SM,324,2059
2,SM,325,2036
2,SM,326,2047
2,SM,327,2059
2,SM,328,2090
2,SM,329,2153
2,SM,330,2155
2,SM,331,2156
2,SM,332,2175
2,SM,333,2206
2,SM,334,2210
2,SM,335,2237
2,SM,336,2218
2,SM,337,2300
2,SM,338,2279
2,SM,339,2306
2,SM,340,2344
2,SM,341,2326
2,SM,342,2329
2,SM,343,2308
2,SM,344,2300
2,SM,345,2324
2,SM,346,2334
2,SM,347,2379
2,SM,348,2365
2,SM,350,2355
2,SM,352,2347
2,SM,353,2322
2,SM,354,2308
2,SM,355,2311
2,SM,356,2316
2,SM,357,2262
2,SM,358,2210
2,SM,359,2249
2,SM,360,2275
2,SM,361,2309
2,SM,362,2337
2,SM,363,2327
2,SM,364,2329
2,SM,365,2329
2,SM,366,2287
2,SM,367,2311
2,SM,368,2296
2,SM,369,2281
2,SM,370,2244
2,SM,371,2263
2,SM,372,2208
2,SM,373,2194
2,SM,375,2118
2,SM,376,2098
2,SM,377,2073
2,SM,378,2055
2,SM,379,2128
2,SM,380,2124
2,SM,381,2156
2,SM,382,2163
2,SM,383,2158
2,SM,384,2189
2,SM,385,2184
2,SM,386,2171
2,SM,387,2215
2,SM,388,2257
2,SM,389,2293
2,SM,390,2287
2,SM,391,2273
2,SM,392,2236
2,SM,393,2281
2,SM,394,2275
2,SM,395,2261
2,SM,396,2272
2,SM,397,2274
2,SM,398,2273
2,SM,399,2254
2,SM,400,2243
2,SM,401,2233
2,SM,402,2225
2,SM,403,2264
2,SM,404,2263
2,SM,405,2274
2,SM,406,2262
2,SM,407,2249
2,SM,408,2262
2,SM,410,2195
2,SM,411,2219
2,SM,412,2227
2,SM,413,2195
2,SM,414,2184
2,SM,415,2188
2,SM,417,2221
2,SM,418,2186
2,SM,419,2192
2,SM,420,2192
2,SM,421,2181
2,SM,422,2255
2,SM,423,2241
2,SM,424,2265
2,SM,425,2258
2,SM,426,2273
2,SM,428,2270
2,SM,429,2293
2,SM,430,2297
2,SM,431,2229
2,SM,432,2281
2,SM,433,2248
2,SM,434,2262
2,SM,435,2292
2,SM,436,2266
2,SM,437,2277
2,SM,438,2280
2,SM,439,2272
2,SM,440,2278
2,SM,441,2307
2,SM,442,2257
2,SM,443,2272
2,SM,444,2294
2,SM,445,2328
2,SM,446,2352
2,SM,447,2367
2,SM,448,2403
2,SM,449,2405
2,SM,450,2327
2,SM,451,2378
2,SM,452,2346
2,SM,453,2336
2,SM,454,2320
2,SM,455,2327
2,SM,456,2317
2,SM,457,2311
2,SM,458,2303
2,SM,459,2244
2,SM,460,2224
2,SM,461,2211
2,SM,462,2202
2,SM,463,2226
2,SM,464,2225
2,SM,465,2271
2,SM,466,2284
2,SM,467,2326
2,SM,468,2333
2,SM,469,2371
2,SM,470,2363
2,SM,472,2346
2,SM,473,2380
2,SM,474,2367
2,SM,475,2364
2,SM,476,2361
2,SM,477,2331
2,SM,478,2305
2,SM,479,2280
2,SM,480,2297
2,SM,481,2305
2,SM,482,2287
2,SM,483,2269
2,SM,484,2266
2,SM,485,2279
2,SM,486,2234
2,SM,487,2242
2,SM,488,2212
2,SM,489,2207
2,SM,490,2204
2,SM,491,2200
2,SM,492,2204
2,SM,493,2195
2,SM,494,2184
2,SM,495,2260
2,SM,496,2214
2,SM,497,2246
2,SM,498,2248
2,SM,499,2252
2,SM,500,2245
2,SM,501,2227
2,SM,502,2235
2,SM,503,2265
2,SM,504,2289
2,SM,505,2269
2,SM,506,2235
2,SM,507,2227
2,SM,508,2224
2,SM,509,2225
2,SM,510,2221
2,SM,511,2207
2,SM,512,2226
2,SM,513,2259
2,SM,514,2244
2,SM,515,2222
2,SM,516,2223
2,SM,517,2236
2,SM,518,2238
2,SM,519,2178
2,SM,520,2179
2,SM,521,2220
2,SM,522,2228
2,SM,523,2223
2,SM,524,2261
2,SM,525,2294
2,SM,526,2328
2,SM,527,2373
2,SM,528,2417
2,SM,529,2457
2,SM,530,2513
2,SM,531,2529
2,SM,532,2511
2,SM,533,2498
2,SM,534,2488
2,SM,535,2434
2,SM,536,2426
2,SM,537,2439
2,SM,538,2419
2,SM,539,2405
2,SM,540,2347
2,SM,541,2340
2,SM,542,2319
2,SM,543,2294
2,SM,544,2278
2,SM,545,2263
2,SM,546,2291
2,SM,547,2276
2,SM,548,2323
2,SM,550,2258
2,SM,551,2222
2,SM,552,2231
2,SM,553,2250
2,SM,554,2237
2,SM,555,2210
2,SM,556,2244
2,SM,557,2250
2,SM,558,2274
2,SM,560,2249
2,SM,561,2276
2,SM,562,2247
2,SM,563,2260
2,SM,564,2314
2,SM,565,2344
2,SM,566,2328
2,SM,567,2330
2,SM,568,2321
2,SM,569,2365
2,SM,570,2379
2,SM,571,2387
2,SM,572,2424
2,SM,573,2421
2,SM,574,2397
2,SM,575,2382
2,SM,576,2362
2,SM,577,2347
2,SM,578,2332
2,SM,579,2334
2,SM,580,2302
2,SM,581,2292
2,SM,582,2290
2,SM,583,2275
2,SM,584,2201
2,SM,585,2188
2,SM,586,2157
2,SM,587,2121
2,SM,588,2115
2,SM,589,2143
2,SM,590,2167
2,SM,591,2160
2,SM,592,2153
2,SM,593,2138
2,SM,594,2211
2,SM,595,2198
2,SM,596,2230
2,SM,597,2234
2,SM,598,2270
2,SM,599,2281
2,SM,600,2290
2,SM,601,2245
2,SM,602,2255
2,SM,603,2284
2,SM,604,2259
2,SM,605,2303
2,SM,606,2353
2,SM,607,2397
2,SM,609,2396
2,SM,610,2368
2,SM,611,2300
2,SM,612,2363
2,SM,613,2359
2,SM,615,2359
2,SM,616,2375
2,SM,617,2347
2,SM,618,2307
2,SM,619,2323
2,SM,620,2338
2,SM,621,2371
2,SM,622,2388
2,SM,623,2375
2,SM,624,2372
2,SM,625,2388
2,SM,627,2418
2,SM,628,2414
2,SM,629,2377
2,SM,630,2373
2,SM,631,2393
2,SM,632,2372
2,SM,633,2364
2,SM,634,2327
2,SM,635,2289
2,SM,636,2287
2,SM,637,2275
2,SM,638,2282
2,SM,639,2315
2,SM,640,2319
2,SM,641,2373
2,SM,642,2454
2,SM,643,2415
2,SM,644,2380
2,SM,645,2385
2,SM,646,2431
2,SM,647,2448
2,SM,648,2451
2,SM,649,2465
2,SM,650,2430
2,SM,651,2425
2,SM,652,2428
2,SM,654,2362
2,SM,655,2338
2,SM,656,2346
2,SM,657,2396
2,SM,658,2416
2,SM,659,2370
2,SM,660,2353
2,SM,661,2334
2,SM,662,2323
2,SM,663,2371
2,SM,664,2376
2,SM,665,2420
2,SM,667,2395
2,SM,668,2363
2,SM,669,2320
2,SM,670,2297
2,SM,671,2316
2,SM,672,2307
2,SM,673,2335
2,SM,674,2341
2,SM,675,2351
2,SM,676,2359
2,SM,677,2342
2,SM,678,2332
2,SM,679,2353
2,SM,680,2334
2,SM,681,2352
2,SM,682,2331
2,SM,683,2340
2,SM,684,2344
2,SM,685,2331
2,SM,686,2303
2,SM,687,2299
2,SM,688,2289
2,SM,689,2312
2,SM,690,2320
2,SM,691,2326
2,SM,692,2302
2,SM,693,2275
2,SM,694,2333
2,SM,695,2326
2,SM,696,2376
2,SM,697,2361
2,SM,698,2364
2,SM,699,2344
2,SM,700,2331
2,SM,702,2320
2,SM,703,2301
2,SM,704,2300
2,SM,705,2265
2,SM,706,2277
2,SM,707,2245
2,SM,709,2234
2,SM,710,2248
2,SM,711,2209
2,SM,712,2215
2,SM,713,2209
2,SM,714,2200
2,SM,715,2183
2,SM,716,2208
2,SM,717,2189
2,SM,718,2177
2,SM,719,2175
2,SM,720,2218
2,SM,721,2270
2,SM,722,2313
2,SM,723,2325
2,SM,724,2346
2,SM,725,2338
2,SM,726,2320
2,SM,727,2303
2,SM,728,2285
2,SM,729,2319
2,SM,730,2318
2,SM,731,2351
2,SM,732,2400
2,SM,733,2425
2,SM,734,2398
2,SM,735,2386
2,SM,736,2375
2,SM,738,2366
2,SM,739,2359
2,SM,740,2334
2,SM,741,2315
2,SM,742,2328
2,SM,743,2296
2,SM,745,2213
2,SM,746,2198
2,SM,747,2181
2,SM,748,2168
2,SM,749,2141
2,SM,750,2181
2,SM,751,2188
2,SM,752,2197
2,SM,753,2183
2,SM,754,2185
2,SM,755,2195
2,SM,756,2177
2,SM,757,2150
2,SM,758,2132
2,SM,759,2136
2,SM,760,2134
2,SM,761,2096
2,SM,762,2134
2,SM,763,2121
2,SM,764,2127
2,SM,765,2235
2,SM,766,2293
2,SM,767,2271
2,SM,768,2304
2,SM,769,2321
2,SM,770,2348
2,SM,771,2325
2,SM,772,2307
2,SM,773,2305
2,SM,774,2334
2,SM,775,2310
2,SM,776,2295
2,SM,777,2322
2,SM,778,2374
2,SM,779,2385
2,SM,780,2355
2,SM,781,2318
2,SM,782,2349
2,SM,783,2360
2,SM,784,2343
2,SM,786,2336
2,SM,787,2379
2,SM,788,2397
2,SM,789,2409
2,SM,790,2410
2,SM,791,2366
2,SM,792,2373
2,SM,793,2347
2,SM,794,2321
2,SM,795,2296
2,SM,796,2323
2,SM,797,2323
2,SM,798,2374
2,SM,799,2291
2,SM,800,2258
2,SM,801,2251
2,SM,802,2270
2,SM,803,2282
2,SM,804,2228
2,SM,805,2208
2,SM,806,2230
2,SM,808,2179
2,SM,809,2188
2,SM,810,2142
2,SM,811,2115
2,SM,812,2095
2,SM,813,2140
2,SM,814,2124
2,SM,815,2158
2,SM,816,2194
2,SM,817,2216
2,SM,818,2225
2,SM,819,2224
2,SM,820,2307
2,SM,821,2308
2,SM,822,2292
2,SM,823,2347
2,SM,824,2309
2,SM,825,2322
2,SM,826,2288
2,SM,827,2321
2,SM,828,2312
2,SM,829,2317
2,SM,830,2335
2,SM,831,2378
2,SM,832,2365
2,SM,833,2343
2,SM,834,2344
2,SM,836,2285
2,SM,837,2265
2,SM,838,2239
2,SM,839,2236
2,SM,840,2242
2,SM,841,2266
2,SM,842,2238
2,SM,843,2269
2,SM,844,2273
2,SM,845,2229
2,SM,846,2229
2,SM,847,2239
2,SM,848,2242
2,SM,849,2286
2,SM,850,2284
2,SM,851,2314
2,SM,852,2329
2,SM,853,2313
2,SM,854,2281
2,SM,855,2280
2,SM,856,2337
2,SM,857,2367
2,SM,858,2324
2,SM,859,2334
2,SM,860,2394
2,SM,861,2368
2,SM,862,2298
2,SM,863,2283
2,SM,864,2302
2,SM,865,2286
2,SM,866,2305
2,SM,867,2278
2,SM,868,2274
2,SM,869,2301
2,SM,870,2313
2,SM,871,2337
2,SM,872,2294
2,SM,873,2294
2,SM,874,2316
2,SM,875,2339
2,SM,876,2306
2,SM,877,2320
2,SM,878,2320
2,SM,879,2353
2,SM,880,2353
2,SM,881,2383
2,SM,882,2360
2,SM,883,2377
2,SM,884,2377
2,SM,885,2398
2,SM,886,2445
2,SM,887,2471
2,SM,888,2476
2,SM,889,2469
2,SM,890,2439
2,SM,891,2430
2,SM,892,2460
2,SM,893,2449
2,SM,894,2456
2,SM,895,2447
2,SM,896,2461
2,SM,898,2369
2,SM,900,2308
2,SM,901,2313
2,SM,902,2297
2,SM,903,2290
2,SM,904,2270
2,SM,905,2272
2,SM,906,2208
2,SM,907,2223
2,SM,908,2203
2,SM,909,2193
2,SM,910,2190
2,SM,911,2222
2,SM,912,2243
2,SM,913,2264
2,SM,914,2252
2,SM,915,2207
2,SM,916,2218
2,SM,917,2165
2,SM,918,2173
2,SM,919,2161
2,SM,920,2140
2,SM,921,2127
2,SM,922,2121
2,SM,923,2158
2,SM,924,2207
2,SM,925,2209
2,SM,926,2194
2,SM,927,2189
2,SM,928,2224
2,SM,929,2209
2,SM,930,2202
2,SM,931,2194
2,SM,932,2175
2,SM,933,2159
2,SM,934,2175
2,SM,935,2183
2,SM,936,2184
2,SM,937,2229
2,SM,938,2221
2,SM,939,2194
2,SM,940,2220
2,SM,941,2202
2,SM,942,2202
2,SM,943,2196
2,SM,944,2193
2,SM,945,2193
2,SM,946,2186
2,SM,947,2173
2,SM,948,2142
2,SM,949,2159
2,SM,950,2176
2,SM,951,2142
2,SM,952,2134
2,SM,953,2130
2,SM,954,2195
2,SM,955,2240
2,SM,956,2267
2,SM,957,2271
2,SM,958,2301
2,SM,959,2341
2,SM,960,2375
2,SM,961,2364
2,SM,962,2342
2,SM,963,2347
2,SM,964,2340
2,SM,965,2317
2,SM,966,2287
2,SM,967,2272
2,SM,968,2274
2,SM,969,2269
2,SM,970,2270
2,SM,971,2233
2,SM,972,2213
2,SM,973,2224
2,SM,974,2218
2,SM,975,2222
2,SM,976,2219
2,SM,977,2192
2,SM,978,2175
2,SM,979,2198
2,SM,980,2222
2,SM,981,2257
2,SM,982,2241
2,SM,983,2239
2,SM,984,2222
2,SM,985,2221
2,SM,986,2238
2,SM,987,2265
2,SM,988,2231
2,SM,989,2242
2,SM,990,2285
2,SM,991,2278
2,SM,992,2259
2,SM,993,2285
2,SM,994,2251
2,SM,995,2250
2,SM,996,2249
2,SM,997,2245
2,SM,998,2283
2,SM,999,2261
2,SM,1000,2262
1,TDM,1,9.89
1,TDM,2,59.2
1,TDM,3,53.0
1,TDM,4,58.6
1,TDM,5,75.6
1,TDM,6,113
1,TDM,7,113
1,TDM,8,176
1,TDM,9,191
1,TDM,10,169
1,TDM,11,162
1,TDM,12,147
1,TDM,13,86.9
1,TDM,14,107
1,TDM,15,138
1,TDM,16,102
1,TDM,17,77.8
1,TDM,18,58.9
1,TDM,19,64.9
1,TDM,20,75.7
1,TDM,21,41.0
1,TDM,22,74.7
1,TDM,23,11.3
1,TDM,24,60.3
1,TDM,25,9.83
1,TDM,26,52.8
1,TDM,27,10.2
1,TDM,28,103
1,TDM,29,113
1,TDM,30,116
1,TDM,31,124
1,TDM,32,264
1,TDM,33,239
1,TDM,34,191
1,TDM,35,254
1,TDM,36,325
1,TDM,37,273
1,TDM,38,294
1,TDM,39,315
1,TDM,40,370
1,TDM,41,396
1,TDM,42,391
1,TDM,43,419
1,TDM,44,417
1,TDM,45,406
1,TDM,46,443
1,TDM,47,454
1,TDM,48,500
1,TDM,49,482
1,TDM,50,450
1,TDM,51,397
1,TDM,52,383
1,TDM,53,435
1,TDM,54,505
1,TDM,55,508
1,TDM,56,457
1,TDM,57,439
1,TDM,58,400
1,TDM,59,419
1,TDM,60,397
1,TDM,61,423
1,TDM,62,419
1,TDM,63,406
1,TDM,64,377
1,TDM,65,357
1,TDM,66,439
1,TDM,67,381
1,TDM,68,404
1,TDM,69,480
1,TDM,70,388
1,TDM,71,376
1,TDM,72,322
1,TDM,73,296
1,TDM,74,279
1,TDM,75,355
1,TDM,76,295
1,TDM,77,267
1,TDM,78,261
1,TDM,79,250
1,TDM,80,220
1,TDM,81,243
1,TDM,82,299
1,TDM,83,279
1,TDM,84,264
1,TDM,85,258
1,TDM,86,222
1,TDM,87,247
1,TDM,88,290
1,TDM,89,328
1,TDM,90,319
1,TDM,91,339
1,TDM,92,348
1,TDM,93,391
1,TDM,94,346
1,TDM,95,294
1,TDM,96,322
1,TDM,97,351
1,TDM,98,364
1,TDM,99,398
1,TDM,100,403
1,TDM,101,466
1,TDM,102,498
1,TDM,103,458
1,TDM,104,435
1,TDM,105,447
1,TDM,106,431
1,TDM,107,498
1,TDM,108,509
1,TDM,109,583
1,TDM,110,535
1,TDM,111,447
1,TDM,112,422
1,TDM,113,403
1,TDM,114,410
1,TDM,115,418
1,TDM,116,414
1,TDM,117,398
1,TDM,118,447
1,TDM,119,438
1,TDM,120,480
1,TDM,121,486
1,TDM,122,556
1,TDM,123,528
1,TDM,124,515
1,TDM,125,482
1,TDM,126,458
1,TDM,127,508
1,TDM,128,484
1,TDM,129,517
1,TDM,130,474
1,TDM,131,492
1,TDM,132,573
1,TDM,133,637
1,TDM,134,598
1,TDM,135,664
1,TDM,136,646
1,TDM,137,683
1,TDM,138,619
1,TDM,139,591
1,TDM,140,618
1,TDM,141,620
1,TDM,142,672
1,TDM,143,640
1,TDM,144,735
1,TDM,145,712
1,TDM,146,735
1,TDM,147,719
1,TDM,148,725
1,TDM,149,710
1,TDM,150,761
1,TDM,151,764
1,TDM,152,802
1,TDM,153,812
1,TDM,154,848
1,TDM,155,803
1,TDM,156,804
1,TDM,157,885
1,TDM,158,952
1,TDM,159,980
1,TDM,160,1005
1,TDM,161,975
1,TDM,162,994
1,TDM,163,998
1,TDM,164,938
1,TDM,165,938
1,TDM,166,1016
1,TDM,167,1046
1,TDM,168,1000
1,TDM,169,1019
1,TDM,170,1046
1,TDM,171,1037
1,TDM,172,1078
1,TDM,173,1100
1,TDM,174,1010
1,TDM,175,983
1,TDM,176,906
1,TDM,177,908
1,TDM,178,947
1,TDM,179,923
1,TDM,180,905
1,TDM,181,926
1,TDM,182,916
1,TDM,183,991
1,TDM,184,1063
1,TDM,185,1018
1,TDM,186,994
1,TDM,187,1075
1,TDM,188,1039
1,TDM,189,1021
1,TDM,190,1045
1,TDM,191,1101
1,TDM,192,1079
1,TDM,193,1075
1,TDM,194,1039
1,TDM,195,1038
1,TDM,196,1021
1,TDM,197,971
1,TDM,198,939
1,TDM,199,910
1,TDM,200,932
1,TDM,201,926
1,TDM,202,966
1,TDM,203,962
1,TDM,204,1036
1,TDM,205,971
1,TDM,206,963
1,TDM,207,922
1,TDM,208,928
1,TDM,209,949
1,TDM,210,943
1,TDM,211,965
1,TDM,212,932
1,TDM,213,983
1,TDM,214,1024
1,TDM,215,1016
1,TDM,216,1019
1,TDM,217,1040
1,TDM,218,1067
1,TDM,219,1057
1,TDM,220,1017
1,TDM,221,1050
1,TDM,222,1006
1,TDM,223,979
1,TDM,224,983
1,TDM,225,1045
1,TDM,226,971
1,TDM,227,908
1,TDM,228,895
1,TDM,229,897
1,TDM,230,866
1,TDM,231,898
1,TDM,232,915
1,TDM,233,873
1,TDM,234,879
1,TDM,235,910
1,TDM,236,940
1,TDM,237,901
1,TDM,238,850
1,TDM,239,843
1,TDM,240,892
1,TDM,241,880
1,TDM,242,878
1,TDM,243,897
1,TDM,244,842
1,TDM,245,827
1,TDM,246,821
1,TDM,247,819
1,TDM,248,762
1,TDM,249,816
1,TDM,250,805
1,TDM,251,794
1,TDM,252,777
1,TDM,253,763
1,TDM,254,746
1,TDM,255,839
1,TDM,256,832
1,TDM,257,832
1,TDM,258,929
1,TDM,259,923
1,TDM,260,895
1,TDM,261,900
1,TDM,262,911
1,TDM,263,938
1,TDM,264,943
1,TDM,265,961
1,TDM,266,1004
1,TDM,267,1045
1,TDM,268,1024
1,TDM,269,983
1,TDM,270,1028
1,TDM,271,1009
1,TDM,272,1001
1,TDM,273,914
1,TDM,274,915
1,TDM,275,939
1,TDM,276,928
1,TDM,277,932
1,TDM,278,940
1,TDM,279,1037
1,TDM,280,1062
1,TDM,281,1022
1,TDM,282,1093
1,TDM,283,1126
1,TDM,284,1113
1,TDM,285,1135
1,TDM,286,1110
1,TDM,287,1063
1,TDM,288,1095
1,TDM,289,1039
1,TDM,290,987
1,TDM,291,976
1,TDM,292,978
1,TDM,293,972
1,TDM,294,946
1,TDM,295,1013
1,TDM,296,1053
1,TDM,297,1046
1,TDM,298,1049
1,TDM,299,1086
1,TDM,300,1079
1,TDM,301,1086
1,TDM,302,1109
1,TDM,303,1103
1,TDM,304,1133
1,TDM,305,1169
1,TDM,306,1142
1,TDM,307,1146
1,TDM,308,1096
1,TDM,309,1226
1,TDM,310,1218
1,TDM,311,1234
1,TDM,312,1269
1,TDM,313,1324
1,TDM,314,1340
1,TDM,315,1378
1,TDM,316,1383
1,TDM,317,1371
1,TDM,318,1342
1,TDM,319,1374
1,TDM,320,1303
1,TDM,321,1302
1,TDM,322,1279
1,TDM,323,1208
1,TDM,324,1196
1,TDM,325,1156
1,TDM,326,1119
1,TDM,327,1098
1,TDM,328,1102
1,TDM,329,1066
1,TDM,330,1040
1,TDM,331,1017
1,TDM,332,1079
1,TDM,333,1108
1,TDM,334,1127
1,TDM,335,1120
1,TDM,336,1125
1,TDM,337,1130
1,TDM,338,1140
1,TDM,339,1239
1,TDM,340,1285
1,TDM,341,1265
1,TDM,342,1311
1,TDM,343,1292
1,TDM,344,1305
1,TDM,345,1367
1,TDM,346,1407
1,TDM,347,1398
1,TDM,348,1338
1,TDM,349,1252
1,TDM,350,1276
1,TDM,351,1334
1,TDM,352,1341
1,TDM,353,1343
1,TDM,354,1376
1,TDM,355,1397
1,TDM,356,1419
1,TDM,357,1459
1,TDM,358,1480
1,TDM,359,1528
1,TDM,360,1561
1,TDM,361,1560
1,TDM,362,1551
1,TDM,363,1552
1,TDM,364,1532
1,TDM,365,1558
1,TDM,366,1593
1,TDM,367,1562
1,TDM,368,1552
1,TDM,369,1510
1,TDM,370,1507
1,TDM,371,1507
1,TDM,372,1450
1,TDM,373,1438
1,TDM,374,1426
1,TDM,375,1418
1,TDM,376,1439
1,TDM,377,1391
1,TDM,378,1441
1,TDM,379,1369
1,TDM,380,1399
1,TDM,381,1318
1,TDM,382,1293
1,TDM,383,1354
1,TDM,384,1415
1,TDM,385,1396
1,TDM,386,1396
1,TDM,387,1385
1,TDM,388,1384
1,TDM,389,1340
1,TDM,390,1345
1,TDM,391,1309
1,TDM,392,1315
1,TDM,393,1283
1,TDM,394,1320
1,TDM,395,1291
1,TDM,396,1312
1,TDM,397,1402
1,TDM,398,1402
1,TDM,399,1314
1,TDM,400,1254
1,TDM,401,1197
1,TDM,402,1200
1,TDM,403,1226
1,TDM,404,1198
1,TDM,405,1222
1,TDM,406,1248
1,TDM,407,1289
1,TDM,408,1305
1,TDM,409,1268
1,TDM,410,1335
1,TDM,411,1333
1,TDM,412,1400
1,TDM,413,1370
1,TDM,414,1456
1,TDM,415,1520
1,TDM,416,1563
1,TDM,417,1537
1,TDM,418,1557
1,TDM,419,1549
1,TDM,420,1558
1,TDM,421,1486
1,TDM,422,1461
1,TDM,423,1407
1,TDM,424,1414
1,TDM,425,1388
1,TDM,426,1439
1,TDM,427,1473
1,TDM,428,1511
1,TDM,429,1508
1,TDM,430,1523
1,TDM,431,1516
1,TDM,432,1607
1,TDM,433,1592
1,TDM,434,1658
1,TDM,435,1683
1,TDM,436,1738
1,TDM,437,1759
1,TDM,438,1771
1,TDM,439,1756
1,TDM,440,1732
1,TDM,441,1690
1,TDM,442,1644
1,TDM,443,1649
1,TDM,444,1631
1,TDM,445,1628
1,TDM,446,1614
1,TDM,447,1593
1,TDM,448,1574
1,TDM,449,1588
1,TDM,450,1564
1,TDM,451,1581
1,TDM,452,1582
1,TDM,453,1540
1,TDM,454,1560
1,TDM,455,1585
1,TDM,456,1591
1,TDM,457,1662
1,TDM,458,1692
1,TDM,459,1718
1,TDM,460,1746
1,TDM,461,1752
1,TDM,462,1712
1,TDM,463,1742
1,TDM,464,1719
1,TDM,465,1763
1,TDM,466,1791
1,TDM,467,1850
1,TDM,468,1905
1,TDM,469,1896
1,TDM,470,1854
1,TDM,471,1819
1,TDM,472,1796
1,TDM,473,1738
1,TDM,474,1722
1,TDM,475,1753
1,TDM,476,1746
1,TDM,477,1744
1,TDM,478,1707
1,TDM,479,1763
1,TDM,480,1761
1,TDM,481,1731
1,TDM,482,1673
1,TDM,483,1654
1,TDM,484,1709
1,TDM,485,1800
1,TDM,486,1805
1,TDM,487,1816
1,TDM,488,1848
1,TDM,489,1830
1,TDM,490,1782
1,TDM,491,1761
1,TDM,492,1745
1,TDM,493,1729
1,TDM,494,1774
1,TDM,495,1763
1,TDM,496,1831
1,TDM,497,1832
1,TDM,498,1855
1,TDM,499,1900
1,TDM,500,1895
1,TDM,501,1858
1,TDM,502,1840
1,TDM,503,1811
1,TDM,504,1773
1,TDM,505,1783
1,TDM,506,1747
1,TDM,507,1785
1,TDM,508,1813
1,TDM,509,1773
1,TDM,510,1786
1,TDM,511,1891
1,TDM,512,1932
1,TDM,513,1936
1,TDM,514,1880
1,TDM,515,1842
1,TDM,516,1805
1,TDM,517,1769
1,TDM,518,1719
1,TDM,519,1764
1,TDM,520,1791
1,TDM,521,1811
1,TDM,522,1791
1,TDM,523,1829
1,TDM,524,1831
1,TDM,525,1890
1,TDM,526,1887
1,TDM,527,1959
1,TDM,528,1955
1,TDM,529,1953
1,TDM,530,1932
1,TDM,531,1926
1,TDM,532,1944
1,TDM,533,1867
1,TDM,534,1885
1,TDM,535,1869
1,TDM,536,1871
1,TDM,537,1912
1,TDM,538,1913
1,TDM,539,1953
1,TDM,540,1904
1,TDM,541,1895
1,TDM,542,1879
1,TDM,543,1938
1,TDM,544,1990
1,TDM,545,2037
1,TDM,546,1993
1,TDM,547,2003
1,TDM,548,1976
1,TDM,549,1924
1,TDM,550,1954
1,TDM,551,1886
1,TDM,552,1820
1,TDM,553,1835
1,TDM,554,1939
1,TDM,555,1883
1,TDM,556,1865
1,TDM,557,1874
1,TDM,558,1841
1,TDM,559,1890
1,TDM,560,1953
1,TDM,561,1961
1,TDM,562,1910
1,TDM,563,1923
1,TDM,564,1972
1,TDM,565,1941
1,TDM,566,1920
1,TDM,567,1940
1,TDM,568,1890
1,TDM,569,1808
1,TDM,570,1759
1,TDM,571,1711
1,TDM,572,1736
1,TDM,573,1712
1,TDM,574,1688
1,TDM,575,1645
1,TDM,576,1635
1,TDM,577,1641
1,TDM,578,1672
1,TDM,579,1651
1,TDM,580,1667
1,TDM,581,1662
1,TDM,582,1705
1,TDM,583,1684
1,TDM,584,1685
1,TDM,585,1664
1,TDM,586,1655
1,TDM,587,1678
1,TDM,588,1649
1,TDM,589,1609
1,TDM,590,1617
1,TDM,591,1615
1,TDM,592,1542
1,TDM,593,1572
1,TDM,594,1588
1,TDM,595,1647
1,TDM,596,1669
1,TDM,597,1662
1,TDM,598,1648
1,TDM,599,1693
1,TDM,600,1663
1,TDM,601,1713
1,TDM,602,1745
1,TDM,603,1773
1,TDM,604,1758
1,TDM,605,1793
1,TDM,606,1765
1,TDM,607,1763
1,TDM,608,1788
1,TDM,609,1766
1,TDM,610,1750
1,TDM,611,1754
1,TDM,612,1725
1,TDM,613,1711
1,TDM,614,1671
1,TDM,615,1732
1,TDM,616,1712
1,TDM,617,1704
1,TDM,618,1757
1,TDM,619,1813
1,TDM,620,1884
1,TDM,621,1832
1,TDM,622,1856
1,TDM,623,1889
1,TDM,624,1923
1,TDM,625,1975
1,TDM,626,1972
1,TDM,627,1952
1,TDM,628,1906
1,TDM,629,1880
1,TDM,630,1885
1,TDM,631,1874
1,TDM,632,1929
1,TDM,633,1920
1,TDM,634,1945
1,TDM,635,1929
1,TDM,636,1977
1,TDM,637,1915
1,TDM,638,1888
1,TDM,639,1906
1,TDM,640,1915
1,TDM,641,1949
1,TDM,642,2000
1,TDM,643,2028
1,TDM,644,2061
1,TDM,645,2024
1,TDM,646,1967
1,TDM,647,2003
1,TDM,648,2003
1,TDM,649,2052
1,TDM,650,2094
1,TDM,651,2113
1,TDM,652,2169
1,TDM,653,2150
1,TDM,654,2131
1,TDM,655,2104
1,TDM,656,2051
1,TDM,657,2078
1,TDM,658,2154
1,TDM,659,2199
1,TDM,660,2218
1,TDM,661,2266
1,TDM,662,2287
1,TDM,663,2256
1,TDM,664,2237
1,TDM,665,2222
1,TDM,666,2214
1,TDM,667,2282
1,TDM,668,2399
1,TDM,669,2447
1,TDM,670,2365
1,TDM,671,2393
1,TDM,672,2456
1,TDM,673,2483
1,TDM,674,2497
1,TDM,675,2446
1,TDM,676,2408
1,TDM,677,2427
1,TDM,678,2402
1,TDM,679,2372
1,TDM,680,2358
1,TDM,681,2398
1,TDM,682,2413
1,TDM,683,2387
1,TDM,684,2365
1,TDM,685,2412
1,TDM,686,2475
1,TDM,687,2453
1,TDM,688,2415
1,TDM,689,2395
1,TDM,690,2444
1,TDM,691,2401
1,TDM,692,2392
1,TDM,693,2392
1,TDM,694,2466
1,TDM,695,2504
1,TDM,696,2603
1,TDM,697,2578
1,TDM,698,2580
1,TDM,699,2501
1,TDM,700,2482
1,TDM,701,2485
1,TDM,702,2538
1,TDM,703,2517
1,TDM,704,2487
1,TDM,705,2516
1,TDM,706,2546
1,TDM,707,2582
1,TDM,708,2587
1,TDM,709,2629
1,TDM,710,2583
1,TDM,711,2546
1,TDM,712,2485
1,TDM,713,2409
1,TDM,714,2367
1,TDM,715,2417
1,TDM,716,2407
1,TDM,717,2444
1,TDM,718,2411
1,TDM,719,2340
1,TDM,720,2340
1,TDM,721,2373
1,TDM,722,2381
1,TDM,723,2386
1,TDM,724,2415
1,TDM,725,2478
1,TDM,726,2485
1,TDM,727,2461
1,TDM,728,2554
1,TDM,729,2525
1,TDM,730,2576
1,TDM,731,2607
1,TDM,732,2605
1,TDM,733,2622
1,TDM,734,2625
1,TDM,735,2590
1,TDM,736,2561
1,TDM,737,2567
1,TDM,738,2633
1,TDM,739,2628
1,TDM,740,2592
1,TDM,741,2586
1,TDM,742,2594
1,TDM,743,2663
1,TDM,744,2685
1,TDM,745,2654
1,TDM,746,2594
1,TDM,747,2575
1,TDM,748,2569
1,TDM,749,2578
1,TDM,750,2580
1,TDM,751,2535
1,TDM,752,2555
1,TDM,753,2573
1,TDM,754,2604
1,TDM,755,2590
1,TDM,756,2643
1,TDM,757,2731
1,TDM,758,2790
1,TDM,759,2815
1,TDM,760,2878
1,TDM,761,2833
1,TDM,762,2841
1,TDM,763,2833
1,TDM,764,2810
1,TDM,765,2819
1,TDM,766,2881
1,TDM,767,2910
1,TDM,768,2858
1,TDM,769,2824
1,TDM,770,2792
1,TDM,771,2787
1,TDM,772,2857
1,TDM,773,2886
1,TDM,774,2846
1,TDM,775,2829
1,TDM,776,2831
1,TDM,777,2787
1,TDM,778,2778
1,TDM,779,2771
1,TDM,780,2878
1,TDM,781,2906
1,TDM,782,2912
1,TDM,783,2902
1,TDM,784,2858
1,TDM,785,2855
1,TDM,786,2874
1,TDM,787,2951
1,TDM,788,2974
1,TDM,789,2980
1,TDM,790,3008
1,TDM,791,3031
1,TDM,792,3038
1,TDM,793,3038
1,TDM,794,3034
1,TDM,795,3121
1,TDM,796,3139
1,TDM,797,3127
1,TDM,798,3127
1,TDM,799,3185
1,TDM,800,3223
1,TDM,801,3306
1,TDM,802,3318
1,TDM,803,3355
1,TDM,804,3313
1,TDM,805,3340
1,TDM,806,3367
1,TDM,807,3422
1,TDM,808,3435
1,TDM,809,3469
1,TDM,810,3415
1,TDM,811,3390
1,TDM,812,3467
1,TDM,813,3444
1,TDM,814,3472
1,TDM,815,3553
1,TDM,816,3558
1,TDM,817,3536
1,TDM,818,3520
1,TDM,819,3554
1,TDM,820,3542
1,TDM,821,3580
1,TDM,822,3607
1,TDM,823,3629
1,TDM,824,3667
1,TDM,825,3775
1,TDM,826,3743
1,TDM,827,3694
1,TDM,828,3701
1,TDM,829,3687
1,TDM,830,3693
1,TDM,831,3768
1,TDM,832,3770
1,TDM,833,3826
1,TDM,834,3845
1,TDM,835,3891
1,TDM,836,3853
1,TDM,837,3811
1,TDM,838,3782
1,TDM,839,3797
1,TDM,840,3801
1,TDM,841,3800
1,TDM,842,3809
1,TDM,843,4428
1,TDM,844,4227
1,TDM,845,4027
1,TDM,846,3884
1,TDM,847,3847
1,TDM,848,3820
1,TDM,849,3822
1,TDM,850,3839
1,TDM,851,3850
1,TDM,852,3820
1,TDM,853,3822
1,TDM,854,3843
1,TDM,855,3836
1,TDM,856,3844
1,TDM,857,3858
1,TDM,858,3813
1,TDM,859,3835
1,TDM,860,3821
1,TDM,861,3792
1,TDM,862,3782
1,TDM,863,3812
1,TDM,864,3894
1,TDM,865,3847
1,TDM,866,3849
1,TDM,867,3806
1,TDM,868,3794
1,TDM,869,3797
1,TDM,870,3725
1,TDM,871,3752
1,TDM,872,3784
1,TDM,873,3755
1,TDM,874,3728
1,TDM,875,3739
1,TDM,876,3755
1,TDM,877,3765
1,TDM,878,3749
1,TDM,879,3762
1,TDM,880,3712
1,TDM,881,3731
1,TDM,882,3715
1,TDM,883,3738
1,TDM,884,3756
1,TDM,885,3800
1,TDM,886,3769
1,TDM,887,3797
1,TDM,888,3755
1,TDM,889,3718
1,TDM,890,3740
1,TDM,891,3712
1,TDM,892,3669
1,TDM,893,3632
1,TDM,894,3632
1,TDM,895,3644
1,TDM,896,3677
1,TDM,897,3668
1,TDM,898,3629
1,TDM,899,3710
1,TDM,900,3669
1,TDM,901,3701
1,TDM,902,3707
1,TDM,903,3689
1,TDM,904,3661
1,TDM,905,3704
1,TDM,906,3743
1,TDM,907,3699
1,TDM,908,3773
1,TDM,909,3747
1,TDM,910,3692
1,TDM,911,3638
1,TDM,912,3649
1,TDM,913,3685
1,TDM,914,3642
1,TDM,915,3682
1,TDM,916,3651
1,TDM,917,3637
1,TDM,918,3640
1,TDM,919,3641
1,TDM,920,3688
1,TDM,921,3734
1,TDM,922,3751
1,TDM,923,3780
1,TDM,924,3749
1,TDM,925,3836
1,TDM,926,3874
1,TDM,927,4006
1,TDM,928,4007
1,TDM,929,3982
1,TDM,930,4009
1,TDM,931,4115
1,TDM,932,4191
1,TDM,933,4179
1,TDM,934,4157
1,TDM,935,4157
1,TDM,936,4127
1,TDM,937,4229
1,TDM,938,4246
1,TDM,939,4261
1,TDM,940,4242
1,TDM,941,4265
1,TDM,942,4283
1,TDM,943,4225
1,TDM,944,4177
1,TDM,945,4181
1,TDM,946,4199
1,TDM,947,4205
1,TDM,948,4134
1,TDM,949,4168
1,TDM,950,4110
1,TDM,951,4113
1,TDM,952,4201
1,TDM,953,4261
1,TDM,954,4261
1,TDM,955,4202
1,TDM,956,4271
1,TDM,957,4258
1,TDM,958,4256
1,TDM,959,4280
1,TDM,960,4275
1,TDM,961,4255
1,TDM,962,4262
1,TDM,963,4260
1,TDM,964,4263
1,TDM,965,4315
1,TDM,966,4343
1,TDM,967,4342
1,TDM,968,4353
1,TDM,969,4335
1,TDM,970,4324
1,TDM,971,4312
1,TDM,972,4295
1,TDM,973,4409
1,TDM,974,4377
1,TDM,975,4359
1,TDM,976,4392
1,TDM,977,4431
1,TDM,978,4432
1,TDM,979,4425
1,TDM,980,4393
1,TDM,981,4408
1,TDM,982,4441
1,TDM,983,4396
1,TDM,984,4475
1,TDM,985,4485
1,TDM,986,4604
1,TDM,987,4596
1,TDM,988,4638
1,TDM,989,4610
1,TDM,990,4563
1,TDM,991,4547
1,TDM,992,4512
1,TDM,993,4495
1,TDM,994,4472
1,TDM,995,4443
1,TDM,996,4421
1,TDM,997,4337
1,TDM,998,4298
1,TDM,999,4243
1,TDM,1000,4194
2,TDM,1,106
2,TDM,2,106
2,TDM,3,126
2,TDM,4,199
2,TDM,5,164
2,TDM,6,142
2,TDM,7,65.0
2,TDM,8,105
2,TDM,9,71.0
2,TDM,10,86.5
2,TDM,11,70.8
2,TDM,12,37.7
2,TDM,13,85.9
2,TDM,14,42.5
2,TDM,15,67.1
2,TDM,16,82.0
2,TDM,17,70.3
2,TDM,18,88.3
2,TDM,19,71.2
2,TDM,20,100
2,TDM,21,111
2,TDM,22,94.8
2,TDM,23,154
2,TDM,24,145
2,TDM,25,78.1
2,TDM,26,116
2,TDM,27,127
2,TDM,28,117
2,TDM,29,144
2,TDM,30,172
2,TDM,31,196
2,TDM,32,236
2,TDM,33,304
2,TDM,34,338
2,TDM,35,348
2,TDM,36,369
2,TDM,37,352
2,TDM,38,316
2,TDM,39,329
2,TDM,40,358
2,TDM,41,341
2,TDM,42,381
2,TDM,43,447
2,TDM,44,431
2,TDM,45,448
2,TDM,46,494
2,TDM,47,466
2,TDM,48,481
2,TDM,49,502
2,TDM,50,470
2,TDM,51,551
2,TDM,52,543
2,TDM,53,515
2,TDM,54,477
2,TDM,55,477
2,TDM,56,491
2,TDM,57,425
2,TDM,58,379
2,TDM,59,379
2,TDM,60,411
2,TDM,61,476
2,TDM,62,506
2,TDM,63,461
2,TDM,64,507
2,TDM,65,473
2,TDM,66,475
2,TDM,67,491
2,TDM,68,467
2,TDM,69,440
2,TDM,70,387
2,TDM,71,479
2,TDM,72,406
2,TDM,73,418
2,TDM,74,378
2,TDM,75,467
2,TDM,76,461
2,TDM,77,514
2,TDM,78,489
2,TDM,79,468
2,TDM,80,445
2,TDM,81,463
2,TDM,82,475
2,TDM,83,481
2,TDM,84,488
2,TDM,85,466
2,TDM,86,482
2,TDM,87,499
2,TDM,88,540
2,TDM,89,569
2,TDM,90,536
2,TDM,91,549
2,TDM,92,537
2,TDM,93,545
2,TDM,94,541
2,TDM,95,597
2,TDM,96,626
2,TDM,97,643
2,TDM,98,696
2,TDM,99,691
2,TDM,100,749
2,TDM,101,808
2,TDM,102,761
2,TDM,103,813
2,TDM,104,856
2,TDM,105,851
2,TDM,106,902
2,TDM,107,939
2,TDM,108,927
2,TDM,109,874
2,TDM,110,890
2,TDM,111,928
2,TDM,112,1012
2,TDM,113,1033
2,TDM,114,1036
2,TDM,115,1009
2,TDM,116,931
2,TDM,117,995
2,TDM,118,951
2,TDM,119,983
2,TDM,120,1013
2,TDM,121,954
2,TDM,122,899
2,TDM,123,829
2,TDM,124,869
2,TDM,125,809
2,TDM,126,798
2,TDM,127,877
2,TDM,128,870
2,TDM,129,879
2,TDM,130,839
2,TDM,131,838
2,TDM,132,825
2,TDM,133,876
2,TDM,134,825
2,TDM,135,735
2,TDM,136,709
2,TDM,137,764
2,TDM,138,756
2,TDM,139,704
2,TDM,140,685
2,TDM,141,770
2,TDM,142,743
2,TDM,143,723
2,TDM,144,680
2,TDM,145,655
2,TDM,146,610
2,TDM,147,628
2,TDM,148,633
2,TDM,149,724
2,TDM,150,727
2,TDM,151,733
2,TDM,152,717
2,TDM,153,620
2,TDM,154,598
2,TDM,155,569
2,TDM,156,559
2,TDM,157,547
2,TDM,158,546
2,TDM,159,570
2,TDM,160,548
2,TDM,161,558
2,TDM,162,646
2,TDM,163,576
2,TDM,164,637
2,TDM,165,663
2,TDM,166,653
2,TDM,167,685
2,TDM,168,718
2,TDM,169,734
2,TDM,170,788
2,TDM,171,745
2,TDM,172,829
2,TDM,173,869
2,TDM,174,823
2,TDM,175,783
2,TDM,176,773
2,TDM,177,839
2,TDM,178,909
2,TDM,179,876
2,TDM,180,796
2,TDM,181,798
2,TDM,182,883
2,TDM,183,814
2,TDM,184,828
2,TDM,185,866
2,TDM,186,882
2,TDM,187,864
2,TDM,188,851
2,TDM,189,851
2,TDM,190,900
2,TDM,191,849
2,TDM,192,881
2,TDM,193,965
2,TDM,194,942
2,TDM,195,944
2,TDM,196,1022
2,TDM,197,1009
2,TDM,198,1049
2,TDM,199,1040
2,TDM,200,990
2,TDM,201,938
2,TDM,202,956
2,TDM,203,848
2,TDM,204,870
2,TDM,205,825
2,TDM,206,978
2,TDM,207,919
2,TDM,208,984
2,TDM,209,947
2,TDM,210,974
2,TDM,211,968
2,TDM,212,989
2,TDM,213,1002
2,TDM,214,974
2,TDM,215,951
2,TDM,216,1013
2,TDM,217,1032
2,TDM,218,1077
2,TDM,219,1067
2,TDM,220,1050
2,TDM,221,1106
2,TDM,222,1098
2,TDM,223,1035
2,TDM,224,1111
2,TDM,225,1172
2,TDM,226,1191
2,TDM,227,1211
2,TDM,228,1204
2,TDM,229,1226
2,TDM,230,1261
2,TDM,231,1384
2,TDM,232,1394
2,TDM,233,1439
2,TDM,234,1418
2,TDM,235,1445
2,TDM,236,1398
2,TDM,237,1456
2,TDM,238,1451
2,TDM,239,1463
2,TDM,240,1432
2,TDM,241,1379
2,TDM,242,1374
2,TDM,243,1281
2,TDM,244,1294
2,TDM,245,1297
2,TDM,246,1278
2,TDM,247,1278
2,TDM,248,1319
2,TDM,249,1271
2,TDM,250,1301
2,TDM,251,1334
2,TDM,252,1304
2,TDM,253,1307
2,TDM,254,1319
2,TDM,255,1354
2,TDM,256,1328
2,TDM,257,1297
2,TDM,258,1284
2,TDM,259,1325
2,TDM,260,1339
2,TDM,261,1319
2,TDM,262,1356
2,TDM,263,1396
2,TDM,264,1428
2,TDM,265,1395
2,TDM,266,1415
2,TDM,267,1493
2,TDM,268,1457
2,TDM,269,1562
2,TDM,270,1596
2,TDM,271,1602
2,TDM,272,1567
2,TDM,273,1493
2,TDM,274,1497
2,TDM,275,1465
2,TDM,276,1428
2,TDM,277,1422
2,TDM,278,1449
2,TDM,279,1542
2,TDM,280,1594
2,TDM,281,1582
2,TDM,282,1605
2,TDM,283,1570
2,TDM,284,1542
2,TDM,285,1577
2,TDM,286,1556
2,TDM,287,1610
2,TDM,288,1659
2,TDM,289,1596
2,TDM,290,1675
2,TDM,291,1635
2,TDM,292,1638
2,TDM,293,1593
2,TDM,294,1549
2,TDM,295,1567
2,TDM,296,1609
2,TDM,297,1634
2,TDM,298,1580
2,TDM,299,1593
2,TDM,300,1623
2,TDM,301,1618
2,TDM,302,1706
2,TDM,303,1672
2,TDM,304,1678
2,TDM,305,1708
2,TDM,306,1717
2,TDM,307,1737
2,TDM,308,1723
2,TDM,309,1781
2,TDM,310,1812
2,TDM,311,1801
2,TDM,312,1767
2,TDM,313,1781
2,TDM,314,1813
2,TDM,315,1788
2,TDM,316,1826
2,TDM,317,1831
2,TDM,318,1844
2,TDM,319,1797
2,TDM,320,1742
2,TDM,321,1727
2,TDM,322,1712
2,TDM,323,1734
2,TDM,324,1687
2,TDM,325,1724
2,TDM,326,1731
2,TDM,327,1731
2,TDM,328,1722
2,TDM,329,1640
2,TDM,330,1629
2,TDM,331,1701
2,TDM,332,1754
2,TDM,333,1669
2,TDM,334,1733
2,TDM,335,1747
2,TDM,336,1700
2,TDM,337,1714
2,TDM,338,1680
2,TDM,339,1685
2,TDM,340,1665
2,TDM,341,1676
2,TDM,342,1633
2,TDM,343,1618
2,TDM,344,1537
2,TDM,345,1549
2,TDM,346,1539
2,TDM,347,1598
2,TDM,348,1577
2,TDM,349,1523
2,TDM,350,1587
2,TDM,351,1511
2,TDM,352,1484
2,TDM,353,1466
2,TDM,354,1490
2,TDM,355,1448
2,TDM,356,1464
2,TDM,357,1452
2,TDM,358,1448
2,TDM,359,1411
2,TDM,360,1399
2,TDM,361,1352
2,TDM,362,1353
2,TDM,363,1390
2,TDM,364,1396
2,TDM,365,1398
2,TDM,366,1429
2,TDM,367,1442
2,TDM,368,1430
2,TDM,369,1479
2,TDM,370,1471
2,TDM,371,1408
2,TDM,372,1426
2,TDM,373,1372
2,TDM,374,1285
2,TDM,375,1358
2,TDM,376,1297
2,TDM,377,1271
2,TDM,378,1235
2,TDM,379,1211
2,TDM,380,1258
2,TDM,381,1286
2,TDM,382,1250
2,TDM,383,1306
2,TDM,384,1293
2,TDM,385,1294
2,TDM,386,1306
2,TDM,387,1340
2,TDM,388,1280
2,TDM,389,1326
2,TDM,390,1290
2,TDM,391,1281
2,TDM,392,1273
2,TDM,393,1296
2,TDM,394,1238
2,TDM,395,1189
2,TDM,396,1168
2,TDM,397,1145
2,TDM,398,1174
2,TDM,399,1211
2,TDM,400,1250
2,TDM,401,1260
2,TDM,402,1224
2,TDM,403,1340
2,TDM,404,1334
2,TDM,405,1375
2,TDM,406,1327
2,TDM,407,1348
2,TDM,408,1301
2,TDM,409,1276
2,TDM,410,1293
2,TDM,411,1239
2,TDM,412,1188
2,TDM,413,1170
2,TDM,414,1206
2,TDM,415,1194
2,TDM,416,1197
2,TDM,417,1160
2,TDM,418,1138
2,TDM,419,1100
2,TDM,420,1165
2,TDM,421,1189
2,TDM,422,1248
2,TDM,423,1279
2,TDM,424,1270
2,TDM,425,1295
2,TDM,426,1305
2,TDM,427,1305
2,TDM,428,1374
2,TDM,429,1426
2,TDM,430,1387
2,TDM,431,1376
2,TDM,432,1386
2,TDM,433,1386
2,TDM,434,1339
2,TDM,435,1354
2,TDM,436,1365
2,TDM,437,1341
2,TDM,438,1380
2,TDM,439,1380
2,TDM,440,1346
2,TDM,441,1399
2,TDM,442,1509
2,TDM,443,1509
2,TDM,444,1485
2,TDM,445,1514
2,TDM,446,1522
2,TDM,447,1513
2,TDM,448,1608
2,TDM,449,1589
2,TDM,450,1616
2,TDM,451,1571
2,TDM,452,1571
2,TDM,453,1669
2,TDM,454,1697
2,TDM,455,1721
2,TDM,456,1749
2,TDM,457,1756
2,TDM,458,1695
2,TDM,459,1652
2,TDM,460,1613
2,TDM,461,1652
2,TDM,462,1685
2,TDM,463,1671
2,TDM,464,1716
2,TDM,465,1669
2,TDM,466,1621
2,TDM,467,1570
2,TDM,468,1565
2,TDM,469,1554
2,TDM,470,1533
2,TDM,471,1498
2,TDM,472,1495
2,TDM,473,1463
2,TDM,474,1512
2,TDM,475,1595
2,TDM,476,1549
2,TDM,477,1654
2,TDM,478,1708
2,TDM,479,1767
2,TDM,480,1829
2,TDM,481,1855
2,TDM,482,1836
2,TDM,483,1859
2,TDM,484,1846
2,TDM,485,1775
2,TDM,486,1754
2,TDM,487,1674
2,TDM,488,1720
2,TDM,489,1718
2,TDM,490,1770
2,TDM,491,1721
2,TDM,492,1779
2,TDM,493,1756
2,TDM,494,1777
2,TDM,495,1845
2,TDM,496,1814
2,TDM,497,1925
2,TDM,498,1908
2,TDM,499,2019
2,TDM,500,2040
2,TDM,501,2069
2,TDM,502,2045
2,TDM,503,2113
2,TDM,504,2168
2,TDM,505,2144
2,TDM,506,2076
2,TDM,507,2046
2,TDM,508,2071
2,TDM,509,1996
2,TDM,510,1935
2,TDM,511,2054
2,TDM,512,2056
2,TDM,513,2058
2,TDM,514,2126
2,TDM,515,2144
2,TDM,516,2145
2,TDM,517,2113
2,TDM,518,2024
2,TDM,519,2046
2,TDM,520,2032
2,TDM,521,2010
2,TDM,522,2014
2,TDM,523,1997
2,TDM,524,1922
2,TDM,525,1968
2,TDM,526,2010
2,TDM,527,1996
2,TDM,528,1991
2,TDM,529,2004
2,TDM,530,1977
2,TDM,531,2018
2,TDM,532,2010
2,TDM,533,2017
2,TDM,534,2038
2,TDM,535,1985
2,TDM,536,2013
2,TDM,537,2028
2,TDM,538,1965
2,TDM,539,1917
2,TDM,540,1942
2,TDM,541,1951
2,TDM,542,1931
2,TDM,543,1957
2,TDM,544,1960
2,TDM,545,1924
2,TDM,546,1915
2,TDM,547,1968
2,TDM,548,1945
2,TDM,549,1900
2,TDM,550,1928
2,TDM,551,1920
2,TDM,552,1924
2,TDM,553,1915
2,TDM,554,1945
2,TDM,555,1900
2,TDM,556,1870
2,TDM,557,1880
2,TDM,558,1866
2,TDM,559,1900
2,TDM,560,1835
2,TDM,561,1782
2,TDM,562,1784
2,TDM,563,1766
2,TDM,564,1811
2,TDM,565,1728
2,TDM,566,1721
2,TDM,567,1710
2,TDM,568,1707
2,TDM,569,1679
2,TDM,570,1680
2,TDM,571,1636
2,TDM,572,1615
2,TDM,573,1613
2,TDM,574,1587
2,TDM,575,1620
2,TDM,576,1614
2,TDM,577,1651
2,TDM,578,1650
2,TDM,579,1721
2,TDM,580,1698
2,TDM,581,1724
2,TDM,582,1712
2,TDM,583,1703
2,TDM,584,1711
2,TDM,585,1666
2,TDM,586,1656
2,TDM,587,1714
2,TDM,588,1678
2,TDM,589,1685
2,TDM,590,1705
2,TDM,591,1644
2,TDM,592,1596
2,TDM,593,1583
2,TDM,594,1569
2,TDM,595,1494
2,TDM,596,1491
2,TDM,597,1461
2,TDM,598,1530
2,TDM,599,1565
2,TDM,600,1623
2,TDM,601,1655
2,TDM,602,1710
2,TDM,603,1754
2,TDM,604,1772
2,TDM,605,1760
2,TDM,606,1747
2,TDM,607,1798
2,TDM,608,1747
2,TDM,609,1808
2,TDM,610,1773
2,TDM,611,1785
2,TDM,612,1735
2,TDM,613,1694
2,TDM,614,1615
2,TDM,615,1622
2,TDM,616,1633
2,TDM,617,1554
2,TDM,618,1509
2,TDM,619,1511
2,TDM,620,1541
2,TDM,621,1588
2,TDM,622,1558
2,TDM,623,1595
2,TDM,624,1598
2,TDM,625,1579
2,TDM,626,1571
2,TDM,627,1555
2,TDM,628,1577
2,TDM,629,1524
2,TDM,630,1486
2,TDM,631,1499
2,TDM,632,1488
2,TDM,633,1517
2,TDM,634,1505
2,TDM,635,1520
2,TDM,636,1515
2,TDM,637,1475
2,TDM,638,1537
2,TDM,639,1609
2,TDM,640,1604
2,TDM,641,1572
2,TDM,642,1616
2,TDM,643,1603
2,TDM,644,1572
2,TDM,645,1641
2,TDM,646,1570
2,TDM,647,1586
2,TDM,648,1605
2,TDM,649,1647
2,TDM,650,1631
2,TDM,651,1611
2,TDM,652,1565
2,TDM,653,1538
2,TDM,654,1524
2,TDM,655,1578
2,TDM,656,1554
2,TDM,657,1551
2,TDM,658,1506
2,TDM,659,1489
2,TDM,660,1513
2,TDM,661,1547
2,TDM,662,1569
2,TDM,663,1567
2,TDM,664,1605
2,TDM,665,1591
2,TDM,666,1687
2,TDM,667,1697
2,TDM,668,1686
2,TDM,669,1724
2,TDM,670,1800
2,TDM,671,1804
2,TDM,672,1785
2,TDM,673,1770
2,TDM,674,1725
2,TDM,675,1690
2,TDM,676,1723
2,TDM,677,1723
2,TDM,678,1783
2,TDM,679,1831
2,TDM,680,1775
2,TDM,681,1832
2,TDM,682,1862
2,TDM,683,1896
2,TDM,684,1863
2,TDM,685,1881
2,TDM,686,1882
2,TDM,687,1851
2,TDM,688,1922
2,TDM,689,1969
2,TDM,690,1982
2,TDM,691,1953
2,TDM,692,1919
2,TDM,693,1982
2,TDM,694,2010
2,TDM,695,1994
2,TDM,696,1968
2,TDM,697,2004
2,TDM,698,1971
2,TDM,699,1998
2,TDM,700,2022
2,TDM,701,1948
2,TDM,702,1971
2,TDM,703,1968
2,TDM,704,1913
2,TDM,705,1911
2,TDM,706,1989
2,TDM,707,2048
2,TDM,708,2044
2,TDM,709,2060
2,TDM,710,2050
2,TDM,711,2052
2,TDM,712,2054
2,TDM,713,2008
2,TDM,714,2139
2,TDM,715,2198
2,TDM,716,2173
2,TDM,717,2169
2,TDM,718,2121
2,TDM,719,2161
2,TDM,720,2153
2,TDM,721,2208
2,TDM,722,2233
2,TDM,723,2302
2,TDM,724,2260
2,TDM,725,2315
2,TDM,726,2289
2,TDM,727,2293
2,TDM,728,2304
2,TDM,729,2309
2,TDM,730,2377
2,TDM,731,2467
2,TDM,732,2423
2,TDM,733,2423
2,TDM,734,2415
2,TDM,735,2450
2,TDM,736,2377
2,TDM,737,2413
2,TDM,738,2345
2,TDM,739,2362
2,TDM,740,2347
2,TDM,741,2407
2,TDM,742,2380
2,TDM,743,2381
2,TDM,744,2474
2,TDM,745,2460
2,TDM,746,2450
2,TDM,747,2477
2,TDM,748,2451
2,TDM,749,2470
2,TDM,750,2458
2,TDM,751,2466
2,TDM,752,2465
2,TDM,753,2470
2,TDM,754,2440
2,TDM,755,2447
2,TDM,756,2458
2,TDM,757,2442
2,TDM,758,2447
2,TDM,759,2382
2,TDM,760,2347
2,TDM,761,2314
2,TDM,762,2266
2,TDM,763,2298
2,TDM,764,2299
2,TDM,765,2305
2,TDM,766,2263
2,TDM,767,2285
2,TDM,768,2282
2,TDM,769,2226
2,TDM,770,2285
2,TDM,771,2334
2,TDM,772,2331
2,TDM,773,2286
2,TDM,774,2331
2,TDM,775,2302
2,TDM,776,2366
2,TDM,777,2404
2,TDM,778,2395
2,TDM,779,2410
2,TDM,780,2473
2,TDM,781,2440
2,TDM,782,2411
2,TDM,783,2416
2,TDM,784,2392
2,TDM,785,2332
2,TDM,786,2315
2,TDM,787,2308
2,TDM,788,2288
2,TDM,789,2289
2,TDM,790,2318
2,TDM,791,2331
2,TDM,792,2298
2,TDM,793,2283
2,TDM,794,2279
2,TDM,795,2235
2,TDM,796,2212
2,TDM,797,2229
2,TDM,798,2210
2,TDM,799,2207
2,TDM,800,2185
2,TDM,801,2164
2,TDM,802,2195
2,TDM,803,2182
2,TDM,804,2195
2,TDM,805,2209
2,TDM,806,2121
2,TDM,807,2160
2,TDM,808,2166
2,TDM,809,2198
2,TDM,810,2128
2,TDM,811,2110
2,TDM,812,2144
2,TDM,813,2093
2,TDM,814,2078
2,TDM,815,2109
2,TDM,816,2128
2,TDM,817,2157
2,TDM,818,2238
2,TDM,819,2268
2,TDM,820,2262
2,TDM,821,2265
2,TDM,822,2267
2,TDM,823,2247
2,TDM,824,2254
2,TDM,825,2196
2,TDM,826,2244
2,TDM,827,2309
2,TDM,828,2312
2,TDM,829,2243
2,TDM,830,2267
2,TDM,831,2228
2,TDM,832,2182
2,TDM,833,2238
2,TDM,834,2298
2,TDM,835,2271
2,TDM,836,2342
2,TDM,837,2331
2,TDM,838,2365
2,TDM,839,2406
2,TDM,840,2436
2,TDM,841,2465
2,TDM,842,2423
2,TDM,843,2421
2,TDM,844,2458
2,TDM,845,2470
2,TDM,846,2416
2,TDM,847,2416
2,TDM,848,2462
2,TDM,849,2402
2,TDM,850,2379
2,TDM,851,2324
2,TDM,852,2321
2,TDM,853,2302
2,TDM,854,2317
2,TDM,855,2354
2,TDM,856,2340
2,TDM,857,2268
2,TDM,858,2215
2,TDM,859,2202
2,TDM,860,2131
2,TDM,861,2161
2,TDM,862,2217
2,TDM,863,2238
2,TDM,864,2203
2,TDM,865,2206
2,TDM,866,2248
2,TDM,867,2219
2,TDM,868,2214
2,TDM,869,2213
2,TDM,870,2238
2,TDM,871,2250
2,TDM,872,2267
2,TDM,873,2349
2,TDM,874,2350
2,TDM,875,2335
2,TDM,876,2348
2,TDM,877,2369
2,TDM,878,2412
2,TDM,879,2397
2,TDM,880,2381
2,TDM,881,2403
2,TDM,882,2428
2,TDM,883,2447
2,TDM,884,2463
2,TDM,885,2462
2,TDM,886,2436
2,TDM,887,2379
2,TDM,888,2355
2,TDM,889,2367
2,TDM,890,2353
2,TDM,891,2385
2,TDM,892,2417
2,TDM,893,2374
2,TDM,894,2375
2,TDM,895,2329
2,TDM,896,2322
2,TDM,897,2288
2,TDM,898,2260
2,TDM,899,2314
2,TDM,900,2344
2,TDM,901,2326
2,TDM,902,2332
2,TDM,903,2304
2,TDM,904,2291
2,TDM,905,2285
2,TDM,906,2389
2,TDM,907,2344
2,TDM,908,2328
2,TDM,909,2352
2,TDM,910,2316
2,TDM,911,2301
2,TDM,912,2270
2,TDM,913,2210
2,TDM,914,2226
2,TDM,915,2313
2,TDM,916,2320
2,TDM,917,2361
2,TDM,918,2368
2,TDM,919,2368
2,TDM,920,2415
2,TDM,921,2398
2,TDM,922,2378
2,TDM,923,2354
2,TDM,924,2321
2,TDM,925,2250
2,TDM,926,2303
2,TDM,927,2436
2,TDM,928,2481
2,TDM,929,2463
2,TDM,930,2395
2,TDM,931,2398
2,TDM,932,2428
2,TDM,933,2515
2,TDM,934,2493
2,TDM,935,2460
2,TDM,936,2431
2,TDM,937,2497
2,TDM,938,2542
2,TDM,939,2528
2,TDM,940,2539
2,TDM,941,2580
2,TDM,942,2611
2,TDM,943,2539
2,TDM,944,2561
2,TDM,945,2506
2,TDM,946,2472
2,TDM,947,2447
2,TDM,948,2501
2,TDM,949,2462
2,TDM,950,2521
2,TDM,951,2555
2,TDM,952,2624
2,TDM,953,2623
2,TDM,954,2642
2,TDM,955,2651
2,TDM,956,2604
2,TDM,957,2587
2,TDM,958,2654
2,TDM,959,2639
2,TDM,960,2648
2,TDM,961,2575
2,TDM,962,2562
2,TDM,963,2612
2,TDM,964,2645
2,TDM,965,2622
2,TDM,966,2610
2,TDM,967,2672
2,TDM,968,2637
2,TDM,969,2710
2,TDM,970,2758
2,TDM,971,2752
2,TDM,972,2742
2,TDM,973,2821
2,TDM,974,2802
2,TDM,975,2860
2,TDM,976,2825
2,TDM,977,2827
2,TDM,978,2862
2,TDM,979,2827
2,TDM,980,2898
2,TDM,981,2856
2,TDM,982,2875
2,TDM,983,2842
2,TDM,984,2823
2,TDM,985,2899
2,TDM,986,2855
2,TDM,987,2839
2,TDM,988,2892
2,TDM,989,2899
2,TDM,990,2945
2,TDM,991,2961
2,TDM,992,2944
2,TDM,993,2955
2,TDM,994,2949
2,TDM,995,2935
2,TDM,996,2914
2,TDM,997,2850
2,TDM,998,2844
2,TDM,999,2868
2,TDM,1000,2868
